,human count ratio,mouse count ratio,species_refined,Tool
AAACCCACAAGTATCC-1,0.002340621,0.9976594,mouse,Uncorrected
AAACGCTAGAATCGTA-1,0.0018456212,0.9981544,mouse,Uncorrected
AAACGCTCACGATTCA-1,0.99780154,0.002198481,human,Uncorrected
AAACGCTCAGTCGTTA-1,0.99828404,0.0017159585,human,Uncorrected
AAAGAACCACAGGATG-1,0.0019230992,0.9980769,mouse,Uncorrected
AAAGGATTCTTTCCAA-1,0.9984082,0.0015917753,human,Uncorrected
AAAGGGCTCTGGGCGT-1,0.0016447647,0.9983552,mouse,Uncorrected
AAAGTCCTCCCACAGG-1,0.99677444,0.0032255463,human,Uncorrected
AAAGTGATCGGTCACG-1,0.002123622,0.9978764,mouse,Uncorrected
AACAAAGCACCAAAGG-1,0.9981774,0.0018225638,human,Uncorrected
AACAAAGCAGGTGACA-1,0.99796885,0.0020311323,human,Uncorrected
AACAACCAGTACGTCT-1,0.002996832,0.9970032,mouse,Uncorrected
AACAACCCAACAAAGT-1,0.0023140844,0.9976859,mouse,Uncorrected
AACCACAAGTGAGTTA-1,0.99686325,0.0031367452,human,Uncorrected
AACCACATCGAACTCA-1,0.0020097906,0.9979902,mouse,Uncorrected
AACCCAAGTCGGCACT-1,0.99867684,0.001323142,human,Uncorrected
AACCCAAGTTGGACCC-1,0.9984482,0.0015518044,human,Uncorrected
AACCCAATCAAGCTTG-1,0.9980652,0.0019348408,human,Uncorrected
AACCTGAAGCGAATGC-1,0.0018703241,0.99812967,mouse,Uncorrected
AACCTTTAGCGACTGA-1,0.9977583,0.0022416608,human,Uncorrected
AACCTTTAGGCGAAGG-1,0.001998268,0.99800175,mouse,Uncorrected
AACCTTTCAAGTCATC-1,0.99784833,0.0021516595,human,Uncorrected
AACCTTTGTGGTGATG-1,0.9973724,0.002627592,human,Uncorrected
AACGGGAGTTAGTCGT-1,0.9977795,0.0022205412,human,Uncorrected
AACGTCAGTCGATTTG-1,0.9977589,0.0022410701,human,Uncorrected
AACTTCTTCAGACAAA-1,0.99713343,0.0028665871,human,Uncorrected
AAGACAACAAGTGGGT-1,0.0017162915,0.9982837,mouse,Uncorrected
AAGACAATCGCATAGT-1,0.9981861,0.0018138769,human,Uncorrected
AAGACTCCAAACTCTG-1,0.99830395,0.0016960611,human,Uncorrected
AAGCATCTCGCTACGG-1,0.001721829,0.9982782,mouse,Uncorrected
AAGCCATAGTGGTGAC-1,0.99751,0.002489993,human,Uncorrected
AAGCGAGCAACCACAT-1,0.99828017,0.0017198285,human,Uncorrected
AAGCGTTGTCATCCCT-1,0.9984488,0.0015512364,human,Uncorrected
AAGGTAATCATAGCAC-1,0.0026902917,0.9973097,mouse,Uncorrected
AAGTACCGTGTTCCAA-1,0.99706435,0.0029356652,human,Uncorrected
AAGTGAAAGCTACAAA-1,0.99745584,0.0025441456,human,Uncorrected
AAGTGAAGTCCAGAAG-1,0.0028092433,0.9971908,mouse,Uncorrected
AAGTGAAGTCCATACA-1,0.9977149,0.0022851117,human,Uncorrected
AAGTTCGAGATGGTAT-1,0.99759865,0.0024013792,human,Uncorrected
AAGTTCGAGTGGATTA-1,0.0020503807,0.9979496,mouse,Uncorrected
AAGTTCGTCAAGAATG-1,0.997961,0.0020390283,human,Uncorrected
AAGTTCGTCACGGGCT-1,0.9974459,0.0025540947,human,Uncorrected
AATAGAGGTCTTACTT-1,0.0027970164,0.997203,mouse,Uncorrected
AATCACGAGCAGTCTT-1,0.9981117,0.0018882466,human,Uncorrected
AATCACGTCATACGGT-1,0.99722517,0.0027748554,human,Uncorrected
AATCACGTCCGTGGCA-1,0.99833244,0.0016675452,human,Uncorrected
AATGAAGTCTGGCCTT-1,0.001806948,0.998193,mouse,Uncorrected
AATGACCAGGACTTCT-1,0.0019202172,0.9980798,mouse,Uncorrected
AATGCCAGTACGTGTT-1,0.0016289096,0.99837106,mouse,Uncorrected
AATGGAAGTGTCTAAC-1,0.9972009,0.0027991198,human,Uncorrected
AATGGCTGTTAGGCTT-1,0.99710244,0.002897576,human,Uncorrected
AATGGCTTCCATTTGT-1,0.9975955,0.0024044935,human,Uncorrected
AATGGCTTCGCTGCGA-1,0.9979064,0.002093636,human,Uncorrected
AATTCCTCATCGTCCT-1,0.0021436806,0.9978563,mouse,Uncorrected
AATTTCCCAACGGCCT-1,0.99741066,0.0025893508,human,Uncorrected
ACAACCACATCGCTAA-1,0.998139,0.0018609466,human,Uncorrected
ACACCAAAGGAACGTC-1,0.9965053,0.0034947065,human,Uncorrected
ACACTGAGTGACACAG-1,0.0018271666,0.9981728,mouse,Uncorrected
ACAGAAAGTGATAGTA-1,0.99739605,0.0026039716,human,Uncorrected
ACAGCCGCAAATACAG-1,0.9975208,0.0024792152,human,Uncorrected
ACAGCCGGTCTTGGTA-1,0.9973781,0.0026218705,human,Uncorrected
ACAGCCGGTGCCTTTC-1,0.99733216,0.0026678524,human,Uncorrected
ACAGGGACAGCACAGA-1,0.0017150413,0.99828494,mouse,Uncorrected
ACATGCAGTGTTACTG-1,0.9973899,0.0026100816,human,Uncorrected
ACCAACATCGCATTGA-1,0.0022495242,0.99775046,mouse,Uncorrected
ACCACAACACTAGAGG-1,0.99731845,0.0026815608,human,Uncorrected
ACCACAATCACCGGTG-1,0.002076968,0.997923,mouse,Uncorrected
ACCACAATCGCTAGCG-1,0.0021315583,0.9978684,mouse,Uncorrected
ACCACAATCTCTCGCA-1,0.99789107,0.0021089145,human,Uncorrected
ACCATTTAGCGTGCCT-1,0.0016129358,0.99838704,mouse,Uncorrected
ACCCTTGAGGACAGCT-1,0.9977415,0.0022584808,human,Uncorrected
ACCGTTCCACTCAGAT-1,0.99786156,0.002138451,human,Uncorrected
ACCGTTCTCTATGTGG-1,0.99760216,0.002397853,human,Uncorrected
ACCTACCAGTGCAGCA-1,0.0017999014,0.9982001,mouse,Uncorrected
ACCTACCCAGCGATTT-1,0.9980556,0.0019444491,human,Uncorrected
ACCTACCGTGCGAACA-1,0.9982171,0.0017828874,human,Uncorrected
ACCTGTCAGAGAGCCT-1,0.9978603,0.002139658,human,Uncorrected
ACGATCAGTTCCTAAG-1,0.002451334,0.99754864,mouse,Uncorrected
ACGGGTCAGCGCTGAA-1,0.0018832391,0.99811673,mouse,Uncorrected
ACGGTCGGTAATTGGA-1,0.9978563,0.0021437039,human,Uncorrected
ACGTAACCATCGGAGA-1,0.99810266,0.0018973437,human,Uncorrected
ACGTAACGTCACCGAC-1,0.99784535,0.002154628,human,Uncorrected
ACGTAACGTGATACAA-1,0.0015214436,0.99847853,mouse,Uncorrected
ACGTACAAGTGGATAT-1,0.9978112,0.0021887776,human,Uncorrected
ACGTACACAAATCGTC-1,0.0015739301,0.9984261,mouse,Uncorrected
ACGTCCTGTCCACACG-1,0.002210009,0.99779,mouse,Uncorrected
ACGTTCCGTGAGGATC-1,0.99792004,0.0020799742,human,Uncorrected
ACTACGACACCAAAGG-1,0.9981208,0.0018791978,human,Uncorrected
ACTACGACATGGGCAA-1,0.9978352,0.0021647979,human,Uncorrected
ACTATCTCAATCTGCA-1,0.9977427,0.002257258,human,Uncorrected
ACTATGGCAATACGCT-1,0.0015051963,0.9984948,mouse,Uncorrected
ACTATTCCAAGAGTGC-1,0.0019231365,0.99807686,mouse,Uncorrected
ACTATTCCAGCACAAG-1,0.9981556,0.001844433,human,Uncorrected
ACTCTCGAGGCTAAAT-1,0.998135,0.0018650001,human,Uncorrected
ACTCTCGCATCTTAGG-1,0.0019074773,0.99809253,mouse,Uncorrected
ACTGCAATCGACCCAG-1,0.9981,0.0019000293,human,Uncorrected
ACTGTCCTCCATCTAT-1,0.9969599,0.0030400523,human,Uncorrected
ACTGTGAAGATAGTGT-1,0.99785185,0.00214817,human,Uncorrected
ACTGTGAAGCCTAGGA-1,0.0024031126,0.99759686,mouse,Uncorrected
ACTTAGGCAACTGGTT-1,0.004476876,0.9955231,ambiguous,Uncorrected
ACTTATCTCGCACGAC-1,0.0019611074,0.9980389,mouse,Uncorrected
ACTTCGCCACAGTCCG-1,0.9983973,0.0016026836,human,Uncorrected
ACTTCGCTCGCGTAGC-1,0.0023520032,0.997648,mouse,Uncorrected
AGAAATGCAGAGGCTA-1,0.997473,0.0025269988,human,Uncorrected
AGAAATGTCCCGTAAA-1,0.0026220786,0.99737793,mouse,Uncorrected
AGAACCTAGCACTAGG-1,0.99797803,0.0020219947,human,Uncorrected
AGAACCTAGCTGACAG-1,0.0022270724,0.99777293,mouse,Uncorrected
AGAACCTCATCGGAGA-1,0.9980706,0.0019293875,human,Uncorrected
AGAACCTCATCTCGTC-1,0.0021370058,0.997863,mouse,Uncorrected
AGAACCTGTAATTAGG-1,0.0022364554,0.9977636,mouse,Uncorrected
AGAAGCGCAAACTAGA-1,0.0024161323,0.99758387,mouse,Uncorrected
AGAAGTAGTGTCACAT-1,0.997798,0.0022019686,human,Uncorrected
AGACAAAGTTATAGCC-1,0.0020912804,0.9979087,mouse,Uncorrected
AGACAAATCCGTGGTG-1,0.0023421715,0.99765784,mouse,Uncorrected
AGACACTTCTGCCTCA-1,0.99787515,0.0021248658,human,Uncorrected
AGACAGGAGCAGTAAT-1,0.9980817,0.0019183133,human,Uncorrected
AGACCCGTCTCGACCT-1,0.9978186,0.0021814215,human,Uncorrected
AGAGAGCTCTATGTGG-1,0.9980464,0.0019535867,human,Uncorrected
AGAGCAGCATGTGACT-1,0.9979266,0.002073409,human,Uncorrected
AGAGCAGGTACACGCC-1,0.001840708,0.9981593,mouse,Uncorrected
AGAGCCCAGTGTAGTA-1,0.9974114,0.0025886183,human,Uncorrected
AGAGCCCGTGAGTTTC-1,0.9974409,0.002559103,human,Uncorrected
AGAGCCCGTTTCGTAG-1,0.9979494,0.002050581,human,Uncorrected
AGATCCAAGGCCGCTT-1,0.0023848135,0.99761516,mouse,Uncorrected
AGATCCAGTTAATCGC-1,0.0020113136,0.9979887,mouse,Uncorrected
AGATCCATCTCGTCAC-1,0.0016647321,0.99833524,mouse,Uncorrected
AGATCGTGTGCACGCT-1,0.0019785534,0.9980214,mouse,Uncorrected
AGATGCTAGCGTGTTT-1,0.99824494,0.0017550411,human,Uncorrected
AGATGCTAGTAGGTTA-1,0.99720186,0.002798144,human,Uncorrected
AGATGCTGTCTTTCTA-1,0.0018958141,0.9981042,mouse,Uncorrected
AGATGCTGTGAGTTGG-1,0.9970789,0.0029211296,human,Uncorrected
AGCATCAAGTGCCTCG-1,0.99765235,0.0023476768,human,Uncorrected
AGCCACGGTCCGTTTC-1,0.0018329446,0.99816704,mouse,Uncorrected
AGCCACGTCTGCGAGC-1,0.99811214,0.001887882,human,Uncorrected
AGCCAGCCATGTTCAG-1,0.0018614847,0.9981385,mouse,Uncorrected
AGCGATTGTAATCAAG-1,0.2361985,0.7638015,ambiguous,Uncorrected
AGCGCCAAGAATAGTC-1,0.001695885,0.9983041,mouse,Uncorrected
AGCGCTGAGGCAGGTT-1,0.0020739017,0.9979261,mouse,Uncorrected
AGCGTATAGACCGTTT-1,0.99736285,0.0026371572,human,Uncorrected
AGCGTATAGCAATAAC-1,0.001614899,0.9983851,mouse,Uncorrected
AGCTACACATGCCGGT-1,0.9975288,0.0024711855,human,Uncorrected
AGCTCAAAGGTAGTAT-1,0.0024399261,0.9975601,mouse,Uncorrected
AGCTTCCAGCGCATCC-1,0.001491364,0.99850863,mouse,Uncorrected
AGGAAATAGGTAGTAT-1,0.99582374,0.004176237,ambiguous,Uncorrected
AGGAAATCACGTCTCT-1,0.0021007117,0.9978993,mouse,Uncorrected
AGGAAATCATGGCCAC-1,0.99765295,0.0023470735,human,Uncorrected
AGGAAATTCATTACGG-1,0.99762106,0.002378922,human,Uncorrected
AGGAATAAGGCTAACG-1,0.0019081032,0.9980919,mouse,Uncorrected
AGGAATAGTGGGCTTC-1,0.99799,0.002010012,human,Uncorrected
AGGACGACACGCAGTC-1,0.5706525,0.4293475,ambiguous,Uncorrected
AGGACGACATCGCTCT-1,0.001867379,0.99813265,mouse,Uncorrected
AGGACTTCATCCTTGC-1,0.0020299698,0.99797004,mouse,Uncorrected
AGGACTTGTGAAAGTT-1,0.9981028,0.0018972332,human,Uncorrected
AGGAGGTGTAGCGTTT-1,0.0019899497,0.99801004,mouse,Uncorrected
AGGATAAGTAAGCTCT-1,0.0027155064,0.9972845,mouse,Uncorrected
AGGATAAGTACAAGTA-1,0.9973715,0.002628497,human,Uncorrected
AGGATAATCGACATAC-1,0.0022490716,0.99775094,mouse,Uncorrected
AGGATAATCTAGCAAC-1,0.9980137,0.0019863283,human,Uncorrected
AGGCATTGTACAATAG-1,0.997788,0.0022119815,human,Uncorrected
AGGCCACAGAATACAC-1,0.9976239,0.0023760987,human,Uncorrected
AGGCCACTCGAGTACT-1,0.9974986,0.0025014353,human,Uncorrected
AGGCTGCAGCGCTGCT-1,0.0017725585,0.9982274,mouse,Uncorrected
AGGCTGCAGTTGGAGC-1,0.0015092196,0.99849075,mouse,Uncorrected
AGGCTGCCACCGTCGA-1,0.0022359672,0.99776405,mouse,Uncorrected
AGGCTGCTCTCAAAGC-1,0.9975194,0.0024806436,human,Uncorrected
AGGGAGTCAGGTCTCG-1,0.9978101,0.0021898893,human,Uncorrected
AGGGCCTCATGATAGA-1,0.0020180438,0.99798197,mouse,Uncorrected
AGGGTCCTCTGTACAG-1,0.9973304,0.0026695838,human,Uncorrected
AGGGTGAGTGTCTTCC-1,0.0018819785,0.99811804,mouse,Uncorrected
AGGGTTTTCTCTCGCA-1,0.0019582168,0.9980418,mouse,Uncorrected
AGGTAGGAGGTGATCG-1,0.99791735,0.0020826554,human,Uncorrected
AGGTAGGCACGGTGAA-1,0.99788415,0.00211586,human,Uncorrected
AGGTAGGGTCAAGGCA-1,0.0023299162,0.99767005,mouse,Uncorrected
AGGTCATTCATGCCCT-1,0.9979031,0.0020969014,human,Uncorrected
AGGTCTAAGTCTTGGT-1,0.38551202,0.61448795,ambiguous,Uncorrected
AGGTTACGTGCCTGCA-1,0.002134289,0.99786574,mouse,Uncorrected
AGGTTGTCACAGCTTA-1,0.9977636,0.0022364093,human,Uncorrected
AGGTTGTTCGGACCAC-1,0.99824935,0.0017506186,human,Uncorrected
AGTACCAAGAAAGCGA-1,0.0018394057,0.9981606,mouse,Uncorrected
AGTACTGAGGTACAGC-1,0.0015677762,0.9984322,mouse,Uncorrected
AGTACTGCAGTCTGGC-1,0.9979995,0.0020004925,human,Uncorrected
AGTAGCTGTCACTTAG-1,0.9979469,0.0020530846,human,Uncorrected
AGTAGTCGTACTCCGG-1,0.0022395048,0.9977605,mouse,Uncorrected
AGTCAACAGATGCTTC-1,0.002187953,0.99781203,mouse,Uncorrected
AGTCACAAGCTCCATA-1,0.0019406535,0.99805933,mouse,Uncorrected
AGTCACAGTTGTATGC-1,0.9981432,0.0018567874,human,Uncorrected
AGTCATGTCAAAGGAT-1,0.0023393477,0.99766064,mouse,Uncorrected
AGTCATGTCACAGAGG-1,0.002366951,0.99763304,mouse,Uncorrected
AGTCTCCCAACAGATA-1,0.0022211254,0.9977789,mouse,Uncorrected
AGTGATCTCAGCGCAC-1,0.0019278887,0.9980721,mouse,Uncorrected
AGTGCCGCAAGTATAG-1,0.9979266,0.002073402,human,Uncorrected
AGTGCCGCAGCTGAGA-1,0.9978677,0.0021323,human,Uncorrected
AGTGCCGTCCCTCTAG-1,0.0017727519,0.99822724,mouse,Uncorrected
AGTTAGCTCCATACTT-1,0.0016501038,0.9983499,mouse,Uncorrected
AGTTCCCAGCAGTCTT-1,0.9980508,0.0019492052,human,Uncorrected
AGTTCGAGTAGCGAGT-1,0.9977555,0.0022444972,human,Uncorrected
AGTTCGATCTACCACC-1,0.0015531124,0.9984469,mouse,Uncorrected
ATACCTTCACTGCGAC-1,0.99807966,0.0019203317,human,Uncorrected
ATACTTCTCTTACCGC-1,0.99756986,0.0024301338,human,Uncorrected
ATAGAGAAGATACGAT-1,0.997814,0.0021860225,human,Uncorrected
ATATCCTCAGACTCTA-1,0.996912,0.0030879937,human,Uncorrected
ATATCCTGTAGTTCCA-1,0.99678653,0.003213438,human,Uncorrected
ATATCCTGTTACGATC-1,0.99828017,0.001719822,human,Uncorrected
ATCACAGAGGGAGAAT-1,0.99777687,0.002223137,human,Uncorrected
ATCACAGGTTGTAGCT-1,0.002698501,0.9973015,mouse,Uncorrected
ATCACGAGTTATGACC-1,0.0029663742,0.9970336,mouse,Uncorrected
ATCATTCCAATCTCGA-1,0.0020594457,0.99794054,mouse,Uncorrected
ATCCATTCAATTCTTC-1,0.99789894,0.002101042,human,Uncorrected
ATCCGTCTCAGAGTTC-1,0.99799436,0.0020056223,human,Uncorrected
ATCCTATAGCATAGGC-1,0.0025648184,0.99743515,mouse,Uncorrected
ATCCTATAGGACTATA-1,0.99781704,0.0021829433,human,Uncorrected
ATCGATGCAGAGCGTA-1,0.0017940293,0.99820596,mouse,Uncorrected
ATCGATGTCCTGCCAT-1,0.0015927037,0.9984073,mouse,Uncorrected
ATCGGATTCGGTCAGC-1,0.99760765,0.0023923444,human,Uncorrected
ATCGGCGCAAGAAACT-1,0.99806714,0.0019328876,human,Uncorrected
ATCGTCCAGAGCAACC-1,0.0020519684,0.99794805,mouse,Uncorrected
ATCGTCCCAGAGACTG-1,0.9980869,0.001913087,human,Uncorrected
ATCGTCCCAGAGCGTA-1,0.9980555,0.0019444888,human,Uncorrected
ATCGTCCGTCCAAATC-1,0.9986112,0.0013887846,human,Uncorrected
ATCGTGACACGCGTCA-1,0.0022330643,0.9977669,mouse,Uncorrected
ATCTCTAGTCAGCGTC-1,0.99783456,0.0021654395,human,Uncorrected
ATCTCTAGTCATCACA-1,0.9974814,0.0025186148,human,Uncorrected
ATCTCTATCCATGAGT-1,0.9972693,0.0027307398,human,Uncorrected
ATCTCTATCCCTCTTT-1,0.0022779044,0.9977221,mouse,Uncorrected
ATCTCTATCTCAGTCC-1,0.0023142372,0.9976858,mouse,Uncorrected
ATCTTCATCCACCTGT-1,0.9979965,0.0020035137,human,Uncorrected
ATGAAAGCATTGTACG-1,0.9981591,0.001840879,human,Uncorrected
ATGAAAGGTCGATGCC-1,0.0021958088,0.99780416,mouse,Uncorrected
ATGACCAAGCCTCCAG-1,0.9979554,0.002044636,human,Uncorrected
ATGAGGGTCATTACTC-1,0.0026526707,0.99734735,mouse,Uncorrected
ATGATCGCAATCTCTT-1,0.0025820455,0.9974179,mouse,Uncorrected
ATGATCGGTACCCACG-1,0.0020712302,0.9979288,mouse,Uncorrected
ATGGAGGGTTCGGACC-1,0.9974726,0.0025273978,human,Uncorrected
ATGGATCAGGACAGTC-1,0.9978735,0.0021265391,human,Uncorrected
ATGGATCTCATTTGTC-1,0.0026262193,0.99737376,mouse,Uncorrected
ATGGGAGCACTCCCTA-1,0.9979153,0.0020846622,human,Uncorrected
ATGGGAGGTGTGAGCA-1,0.0017414577,0.99825853,mouse,Uncorrected
ATGGGTTTCCACGTCT-1,0.9979846,0.0020154284,human,Uncorrected
ATGGGTTTCGTGCTCT-1,0.9974481,0.0025519184,human,Uncorrected
ATGGTTGTCGCTACAA-1,0.9977222,0.002277797,human,Uncorrected
ATGTCCCAGTCAACAA-1,0.0018781408,0.99812186,mouse,Uncorrected
ATGTCCCGTGGCCACT-1,0.0018991784,0.9981008,mouse,Uncorrected
ATGTCCCTCCGACAGC-1,0.9981074,0.001892604,human,Uncorrected
ATGTCTTCAGGATTCT-1,0.001923509,0.9980765,mouse,Uncorrected
ATGTCTTGTGGATGAC-1,0.99771774,0.0022822684,human,Uncorrected
ATTACCTAGACTTCCA-1,0.9979304,0.0020695694,human,Uncorrected
ATTACCTGTCCACAGC-1,0.0018859813,0.998114,mouse,Uncorrected
ATTACTCAGTATAGGT-1,0.99728245,0.0027175685,human,Uncorrected
ATTACTCGTGCTCGTG-1,0.9976623,0.002337712,human,Uncorrected
ATTACTCTCTTCCCGA-1,0.9984467,0.0015533181,human,Uncorrected
ATTATCCGTTAGGGAC-1,0.99807477,0.0019252464,human,Uncorrected
ATTCACTGTGCTATTG-1,0.0017703936,0.9982296,mouse,Uncorrected
ATTCATCCAGAGTTCT-1,0.0023382346,0.99766177,mouse,Uncorrected
ATTCATCGTATGAAGT-1,0.9972711,0.0027288657,human,Uncorrected
ATTCATCGTGACTCGC-1,0.0018462493,0.99815375,mouse,Uncorrected
ATTCCATGTGCACGCT-1,0.0017472336,0.99825275,mouse,Uncorrected
ATTCCCGCAACCGACC-1,0.0012860523,0.99871397,mouse,Uncorrected
ATTCCCGTCCAAGCCG-1,0.0019064469,0.99809355,mouse,Uncorrected
ATTCCTAAGGTACAGC-1,0.0023751128,0.9976249,mouse,Uncorrected
ATTCCTAGTGCTCTTC-1,0.002439833,0.99756014,mouse,Uncorrected
ATTCGTTAGTACTGGG-1,0.0020368902,0.99796313,mouse,Uncorrected
ATTTCACAGCACACCC-1,0.0021766508,0.99782336,mouse,Uncorrected
ATTTCTGGTTATGTGC-1,0.0024279703,0.997572,mouse,Uncorrected
CAAAGAAAGCATAGGC-1,0.001840336,0.99815965,mouse,Uncorrected
CAAAGAACAACACAGG-1,0.9979003,0.0020996968,human,Uncorrected
CAAAGAATCGATTGGT-1,0.9979188,0.0020812056,human,Uncorrected
CAACAGTGTAACATGA-1,0.9979108,0.0020892252,human,Uncorrected
CAACAGTGTAATCAAG-1,0.0024255742,0.99757445,mouse,Uncorrected
CAACCTCTCCCTCGAT-1,0.0016705946,0.9983294,mouse,Uncorrected
CAACGGCGTAGGCTGA-1,0.002400904,0.9975991,mouse,Uncorrected
CAAGAGGCACTACGGC-1,0.0019893027,0.9980107,mouse,Uncorrected
CAAGAGGTCCGAAGGA-1,0.001897452,0.99810255,mouse,Uncorrected
CAAGGGATCGGCCTTT-1,0.99844974,0.0015502584,human,Uncorrected
CAAGGGATCGTCACCT-1,0.9971093,0.0028906865,human,Uncorrected
CAATACGTCAGTCACA-1,0.99772835,0.0022716424,human,Uncorrected
CAATTTCAGACTGAGC-1,0.9974477,0.002552241,human,Uncorrected
CACAACAAGGTGCTTT-1,0.9977542,0.0022458017,human,Uncorrected
CACAACAAGTGCACTT-1,0.0023951617,0.99760485,mouse,Uncorrected
CACACAAGTGACACGA-1,0.0022683432,0.9977317,mouse,Uncorrected
CACAGATAGTAAATGC-1,0.997107,0.0028929813,human,Uncorrected
CACCAAACACTCGATA-1,0.0020517712,0.9979482,mouse,Uncorrected
CACCAAAGTCGAACGA-1,0.99834865,0.0016513524,human,Uncorrected
CACCGTTAGAAGTCAT-1,0.998247,0.001752999,human,Uncorrected
CACGAATGTACTTCCC-1,0.0016833836,0.99831665,mouse,Uncorrected
CACGTTCGTGCTTATG-1,0.9975892,0.0024108111,human,Uncorrected
CACTAAGCAGTGACCC-1,0.0022622985,0.9977377,mouse,Uncorrected
CACTAAGTCTCTGAGA-1,0.9977035,0.0022965132,human,Uncorrected
CACTGAAAGGACTATA-1,0.99726456,0.0027354502,human,Uncorrected
CACTGAAAGTCCGCCA-1,0.99849385,0.0015061214,human,Uncorrected
CACTGAACACCAGCGT-1,0.99801594,0.001984054,human,Uncorrected
CACTGAAGTCCGACGT-1,0.99787366,0.0021263582,human,Uncorrected
CACTGGGCACATATGC-1,0.002049045,0.997951,mouse,Uncorrected
CACTGTCGTGCAGTGA-1,0.99776816,0.0022318107,human,Uncorrected
CACTTCGAGATGCTAA-1,0.9978409,0.0021591196,human,Uncorrected
CACTTCGCAATTGCGT-1,0.9982179,0.0017821095,human,Uncorrected
CACTTCGGTACTGCCG-1,0.0024092016,0.9975908,mouse,Uncorrected
CACTTCGGTTCGGTTA-1,0.002492532,0.99750745,mouse,Uncorrected
CAGAGCCCAGACAAGC-1,0.0016834529,0.9983165,mouse,Uncorrected
CAGAGCCTCAACTGAC-1,0.9981062,0.0018938273,human,Uncorrected
CAGATACAGGCATCTT-1,0.9981916,0.0018083875,human,Uncorrected
CAGATACGTTACACAC-1,0.9982394,0.0017606192,human,Uncorrected
CAGATCAAGACGGTTG-1,0.001770695,0.9982293,mouse,Uncorrected
CAGATTGTCTAGCCAA-1,0.0024763932,0.9975236,mouse,Uncorrected
CAGATTGTCTGAATCG-1,0.0017930669,0.9982069,mouse,Uncorrected
CAGCAATTCCTTATAC-1,0.9973203,0.0026797336,human,Uncorrected
CAGCAATTCTGTACAG-1,0.9980022,0.001997812,human,Uncorrected
CAGCAGCTCACCGGGT-1,0.0018257775,0.99817425,mouse,Uncorrected
CAGCAGCTCACTTTGT-1,0.9975591,0.00244094,human,Uncorrected
CAGCCAGGTCGGATTT-1,0.9980537,0.0019462608,human,Uncorrected
CAGCGTGAGTTGAAAC-1,0.0021006754,0.99789935,mouse,Uncorrected
CAGCGTGGTATGGGAC-1,0.0015814753,0.9984185,mouse,Uncorrected
CAGCGTGTCGAACTCA-1,0.99793845,0.002061554,human,Uncorrected
CAGGCCAGTATGCGGA-1,0.002317897,0.9976821,mouse,Uncorrected
CAGGCCAGTTGCAACT-1,0.0019679214,0.9980321,mouse,Uncorrected
CAGGCCAGTTTGTTCT-1,0.99786353,0.002136486,human,Uncorrected
CAGGTATGTGGTCCGT-1,0.5830943,0.41690567,ambiguous,Uncorrected
CAGTGCGAGCCAGTAG-1,0.9978178,0.0021821954,human,Uncorrected
CAGTTCCAGGACACTG-1,0.0015773075,0.9984227,mouse,Uncorrected
CATAAGCTCGACATTG-1,0.9977775,0.002222499,human,Uncorrected
CATACAGGTCTGCATA-1,0.0015546563,0.99844533,mouse,Uncorrected
CATACAGTCATCGGGC-1,0.9984409,0.0015590508,human,Uncorrected
CATACAGTCTGTCCGT-1,0.0019285114,0.9980715,mouse,Uncorrected
CATACCCAGTAGCCAG-1,0.0017140026,0.998286,mouse,Uncorrected
CATACCCGTCTACAGT-1,0.9974701,0.0025299045,human,Uncorrected
CATACCCTCCACATAG-1,0.0022443938,0.9977556,mouse,Uncorrected
CATACTTTCACTACGA-1,0.0027211853,0.9972788,mouse,Uncorrected
CATACTTTCACTAGCA-1,0.99770063,0.0022993672,human,Uncorrected
CATAGACAGTCTAGCT-1,0.0021120787,0.9978879,mouse,Uncorrected
CATCAAGCACGGTCTG-1,0.99787503,0.0021249908,human,Uncorrected
CATCAAGGTGCCCTTT-1,0.99799496,0.0020050309,human,Uncorrected
CATCCCAAGAGCCATG-1,0.9981197,0.0018802787,human,Uncorrected
CATCCGTAGCGCCTTG-1,0.9984074,0.0015925741,human,Uncorrected
CATCCGTCAAGGATGC-1,0.9976738,0.0023261623,human,Uncorrected
CATCGGGAGGTGCTAG-1,0.0024734729,0.9975265,mouse,Uncorrected
CATCGTCCATCTTAGG-1,0.0019888624,0.9980111,mouse,Uncorrected
CATCGTCGTACAATAG-1,0.0019666918,0.9980333,mouse,Uncorrected
CATGAGTCACAACGAG-1,0.9978776,0.0021224155,human,Uncorrected
CATGAGTGTGGCTTAT-1,0.0021348952,0.9978651,mouse,Uncorrected
CATGCAAAGCTGAAGC-1,0.99795794,0.0020420745,human,Uncorrected
CATGCAAAGTCAGCGA-1,0.99816537,0.0018346219,human,Uncorrected
CATGCCTTCACTGTCC-1,0.0020960062,0.997904,mouse,Uncorrected
CATGCGGTCGGCAGTC-1,0.997371,0.0026289884,human,Uncorrected
CATGCTCCAACCGCTG-1,0.99799466,0.0020053475,human,Uncorrected
CATGCTCCATTACGGT-1,0.99774563,0.0022543406,human,Uncorrected
CATGCTCTCTTCACGC-1,0.0021260069,0.997874,mouse,Uncorrected
CATGGTAGTAACTGCT-1,0.0019390179,0.998061,mouse,Uncorrected
CATTCATCATCTCAAG-1,0.9978339,0.002166122,human,Uncorrected
CATTGAGCAGAGCGTA-1,0.0023632485,0.99763674,mouse,Uncorrected
CATTGAGGTTTCACAG-1,0.99828815,0.0017118313,human,Uncorrected
CATTGCCCACCAAAGG-1,0.99804777,0.0019522089,human,Uncorrected
CATTGTTTCGCCGTGA-1,0.0019021635,0.99809784,mouse,Uncorrected
CCAAGCGGTACCCGCA-1,0.0020573072,0.9979427,mouse,Uncorrected
CCAAGCGGTTAAGCAA-1,0.003107552,0.99689245,mouse,Uncorrected
CCAAGCGTCACTCGAA-1,0.9970305,0.002969528,human,Uncorrected
CCACAAACATAACGGG-1,0.9975095,0.0024905228,human,Uncorrected
CCACACTCAAACTCTG-1,0.9980086,0.0019913707,human,Uncorrected
CCACCATAGACCATAA-1,0.002048938,0.9979511,mouse,Uncorrected
CCACGAGCACATGGTT-1,0.0021914756,0.9978085,mouse,Uncorrected
CCACGAGGTTGGGTAG-1,0.0021534075,0.9978466,mouse,Uncorrected
CCACGAGTCATTTCGT-1,0.0019164708,0.99808353,mouse,Uncorrected
CCACGAGTCGGTCTAA-1,0.0016729848,0.998327,mouse,Uncorrected
CCACGTTCATGGGATG-1,0.0024968788,0.9975031,mouse,Uncorrected
CCACGTTTCCACCTGT-1,0.0021783628,0.9978216,mouse,Uncorrected
CCATAAGCACTCCACT-1,0.0020102367,0.9979898,mouse,Uncorrected
CCATCACCAGAGACTG-1,0.0018322602,0.99816775,mouse,Uncorrected
CCATCACTCGCAAGAG-1,0.99735427,0.002645707,human,Uncorrected
CCATCACTCTGGCCTT-1,0.9985861,0.0014138955,human,Uncorrected
CCCAACTTCTAGATCG-1,0.9982803,0.001719706,human,Uncorrected
CCCGAAGCAACACTAC-1,0.001722532,0.9982775,mouse,Uncorrected
CCCGAAGGTGAGTAGC-1,0.0017494591,0.99825054,mouse,Uncorrected
CCCGGAAAGGAGACCT-1,0.9981013,0.0018986893,human,Uncorrected
CCCTCAACACGAAGAC-1,0.0023239783,0.997676,mouse,Uncorrected
CCCTCAAGTCCGGTGT-1,0.9981844,0.0018155911,human,Uncorrected
CCCTGATGTCCGAAGA-1,0.99759406,0.0024059669,human,Uncorrected
CCCTGATGTCTTGCTC-1,0.99671257,0.0032874416,human,Uncorrected
CCCTTAGCAAGAGTAT-1,0.0023202673,0.9976797,mouse,Uncorrected
CCCTTAGCAGCCTTCT-1,0.0017603023,0.9982397,mouse,Uncorrected
CCCTTAGCAGCTAACT-1,0.99800766,0.0019923314,human,Uncorrected
CCGATGGGTAGCTCGC-1,0.0023241972,0.9976758,mouse,Uncorrected
CCGATGGTCGACCATA-1,0.0021345392,0.99786544,mouse,Uncorrected
CCGCAAGCATTGTGCA-1,0.99840575,0.0015942213,human,Uncorrected
CCGCAAGTCGACGAGA-1,0.99820375,0.0017962181,human,Uncorrected
CCGGACACAGCAGAAC-1,0.0021937226,0.99780625,mouse,Uncorrected
CCGGGTAGTCAAGCCC-1,0.9978824,0.0021175721,human,Uncorrected
CCGGTGACAAATGCTC-1,0.99814826,0.0018517527,human,Uncorrected
CCGGTGACAGCTGCCA-1,0.99776846,0.002231545,human,Uncorrected
CCGGTGACAGGACTAG-1,0.99805665,0.0019433647,human,Uncorrected
CCGTAGGTCCGGACTG-1,0.99805844,0.0019415622,human,Uncorrected
CCGTGAGCAAAGCTAA-1,0.0020402805,0.99795973,mouse,Uncorrected
CCTACGTAGTCTAGCT-1,0.9979272,0.0020727967,human,Uncorrected
CCTACGTCAGAGGCTA-1,0.9984867,0.001513328,human,Uncorrected
CCTACGTGTCATGCAT-1,0.0023401896,0.9976598,mouse,Uncorrected
CCTATCGAGATAGTCA-1,0.0019782393,0.9980218,mouse,Uncorrected
CCTATCGTCATCCCGT-1,0.99819636,0.0018036445,human,Uncorrected
CCTCAACCAGCGACCT-1,0.0017324628,0.99826753,mouse,Uncorrected
CCTCAACGTGGACCAA-1,0.998489,0.001510966,human,Uncorrected
CCTCAGTAGCTTCGTA-1,0.9979239,0.0020760898,human,Uncorrected
CCTCAGTCACGCTGCA-1,0.0021837188,0.99781626,mouse,Uncorrected
CCTCAGTGTCCCTAAA-1,0.997265,0.0027350034,human,Uncorrected
CCTCAGTGTCCTCCTA-1,0.0022129654,0.99778706,mouse,Uncorrected
CCTCAGTGTTACCCAA-1,0.9977775,0.0022224742,human,Uncorrected
CCTCATGAGGTCGTAG-1,0.9978091,0.0021909089,human,Uncorrected
CCTCATGAGGTTCTAC-1,0.0015507938,0.9984492,mouse,Uncorrected
CCTCCTCAGGGCATGT-1,0.0015214509,0.99847853,mouse,Uncorrected
CCTCCTCGTTCCGGTG-1,0.0018217148,0.9981783,mouse,Uncorrected
CCTCCTCGTTCGTTCC-1,0.99741614,0.0025838872,human,Uncorrected
CCTCTAGTCTTAGCCC-1,0.9975898,0.0024101858,human,Uncorrected
CCTCTCCAGTGAACAT-1,0.0022682166,0.9977318,mouse,Uncorrected
CCTGTTGAGGAGCAAA-1,0.0020518627,0.9979481,mouse,Uncorrected
CCTGTTGGTACGACAG-1,0.9985983,0.0014017173,human,Uncorrected
CCTTCAGCAAGAAATC-1,0.0019660136,0.998034,mouse,Uncorrected
CCTTCAGGTCCTACAA-1,0.002079346,0.99792063,mouse,Uncorrected
CCTTGTGGTTAATGAG-1,0.002069146,0.9979308,mouse,Uncorrected
CCTTTGGAGGGCCCTT-1,0.0035661901,0.9964338,mouse,Uncorrected
CCTTTGGCACCCTGAG-1,0.001536169,0.9984638,mouse,Uncorrected
CGAAGGAGTTCGTACA-1,0.9976544,0.0023456158,human,Uncorrected
CGAAGGATCTGGCCAG-1,0.0020135862,0.99798644,mouse,Uncorrected
CGAAGTTAGGCTCTAT-1,0.9979094,0.0020905924,human,Uncorrected
CGACAGCTCTGGCCAG-1,0.9977913,0.002208735,human,Uncorrected
CGAGAAGCATTGCCGG-1,0.99770826,0.002291731,human,Uncorrected
CGAGGAACAGTATACC-1,0.0024484536,0.99755156,mouse,Uncorrected
CGAGTGCGTATCTCTT-1,0.0024211477,0.99757886,mouse,Uncorrected
CGATCGGGTTAGCTAC-1,0.9980177,0.0019822435,human,Uncorrected
CGATGCGAGCGACTTT-1,0.99809307,0.0019069589,human,Uncorrected
CGATGGCCAACGGCTC-1,0.0015591414,0.99844086,mouse,Uncorrected
CGCAGGTGTGCCGAAA-1,0.0027535975,0.9972464,mouse,Uncorrected
CGCAGGTGTTCCATTT-1,0.0020150212,0.997985,mouse,Uncorrected
CGCAGGTTCGATACAC-1,0.99827975,0.0017202435,human,Uncorrected
CGCATAAGTAATCAAG-1,0.0024435688,0.99755645,mouse,Uncorrected
CGCATGGCAAACTCTG-1,0.002231787,0.9977682,mouse,Uncorrected
CGCATGGGTATCGTTG-1,0.0020834813,0.9979165,mouse,Uncorrected
CGCATGGGTTCAAACC-1,0.9977712,0.0022287685,human,Uncorrected
CGCATGGTCTCGCGTT-1,0.99752593,0.0024740475,human,Uncorrected
CGCCATTAGCTAGCCC-1,0.0014884162,0.9985116,mouse,Uncorrected
CGCCATTTCTCGTGAA-1,0.0018457634,0.9981542,mouse,Uncorrected
CGCGTGACACACAGAG-1,0.0015154243,0.99848455,mouse,Uncorrected
CGCGTGAGTCTTGCGG-1,0.002469737,0.9975303,mouse,Uncorrected
CGGAATTAGTTGTAAG-1,0.9974248,0.0025752236,human,Uncorrected
CGGAGAATCTAGATCG-1,0.0016337497,0.99836624,mouse,Uncorrected
CGGCAGTCAGACAAAT-1,0.0022213785,0.9977786,mouse,Uncorrected
CGGGCATAGGGAGGTG-1,0.99786466,0.0021353555,human,Uncorrected
CGGGCATGTTCTGAGT-1,0.9981924,0.0018075504,human,Uncorrected
CGGGTCAAGCTGAGTG-1,0.002020202,0.9979798,mouse,Uncorrected
CGGGTCATCCATAGGT-1,0.9983841,0.0016159021,human,Uncorrected
CGTAGTAAGCACTAAA-1,0.9980513,0.0019486968,human,Uncorrected
CGTCAAATCGAAGTGG-1,0.584887,0.41511297,ambiguous,Uncorrected
CGTGATAAGAGTTGCG-1,0.0016462712,0.9983537,mouse,Uncorrected
CGTGATAGTGGTACAG-1,0.0021249903,0.99787503,mouse,Uncorrected
CGTGATATCTTTCCAA-1,0.99778533,0.0022146667,human,Uncorrected
CGTGCTTGTGTCCGTG-1,0.0017369261,0.99826306,mouse,Uncorrected
CGTGTCTCAAGTGGCA-1,0.99808705,0.0019129798,human,Uncorrected
CGTTCTGGTAGCCCTG-1,0.0017907432,0.99820924,mouse,Uncorrected
CTAAGTGCAAGAGGTC-1,0.99829614,0.0017038377,human,Uncorrected
CTAAGTGCATACCATG-1,0.99748147,0.0025185551,human,Uncorrected
CTACAGAAGCACTTTG-1,0.9977803,0.0022196865,human,Uncorrected
CTACAGAAGTAAGCAT-1,0.99770784,0.0022921292,human,Uncorrected
CTACAGACAAGTATCC-1,0.9976192,0.0023808044,human,Uncorrected
CTACATTAGGCCTGCT-1,0.99792135,0.0020786282,human,Uncorrected
CTACATTAGTGCTAGG-1,0.0022815897,0.9977184,mouse,Uncorrected
CTACCCAAGCAGGTCA-1,0.0016723869,0.9983276,mouse,Uncorrected
CTACCTGAGCATCCTA-1,0.0024100705,0.99758995,mouse,Uncorrected
CTACCTGTCGTTGTTT-1,0.99743795,0.002562075,human,Uncorrected
CTACGGGTCGATGGAG-1,0.997822,0.0021780285,human,Uncorrected
CTATAGGAGGTTGGTG-1,0.0021960365,0.997804,mouse,Uncorrected
CTATCCGCAGTTGCGC-1,0.0019745326,0.9980255,mouse,Uncorrected
CTCAACCAGCCACAAG-1,0.99786353,0.0021364668,human,Uncorrected
CTCAACCGTATTGACC-1,0.0024181686,0.99758184,mouse,Uncorrected
CTCAACCGTCGGATTT-1,0.9978429,0.0021571056,human,Uncorrected
CTCAAGACAGAATTCC-1,0.99790746,0.0020925554,human,Uncorrected
CTCACTGGTTAGGCTT-1,0.9985312,0.0014687908,human,Uncorrected
CTCACTGTCCGGGACT-1,0.002483477,0.9975165,mouse,Uncorrected
CTCAGAACAAAGCGTG-1,0.0020739066,0.9979261,mouse,Uncorrected
CTCAGGGCAGAGGTTG-1,0.9982798,0.0017202043,human,Uncorrected
CTCATCGTCACCACAA-1,0.9977404,0.002259591,human,Uncorrected
CTCATTATCCTCTGCA-1,0.9979921,0.0020079187,human,Uncorrected
CTCCAACCAAAGGCAC-1,0.9978831,0.0021169411,human,Uncorrected
CTCCACATCAAGAATG-1,0.0019710907,0.99802893,mouse,Uncorrected
CTCCCAAGTGATATAG-1,0.9977352,0.0022647826,human,Uncorrected
CTCCCAAGTTGGACTT-1,0.9972804,0.0027195683,human,Uncorrected
CTCCCAATCGCGTGAC-1,0.99793446,0.0020655151,human,Uncorrected
CTCCCTCCATCGATGT-1,0.9977763,0.002223671,human,Uncorrected
CTCCGATCACTAAACC-1,0.99801743,0.0019825876,human,Uncorrected
CTCCGATTCCGACGGT-1,0.997822,0.002178029,human,Uncorrected
CTCCTCCTCTGATTCT-1,0.9972025,0.0027974993,human,Uncorrected
CTCCTTTAGTCACTCA-1,0.99736696,0.0026330596,human,Uncorrected
CTCGAGGGTATCGATC-1,0.0025183787,0.99748164,mouse,Uncorrected
CTCGAGGGTCGCCTAG-1,0.997881,0.002118982,human,Uncorrected
CTCTCAGAGTTACGAA-1,0.9981562,0.0018438359,human,Uncorrected
CTCTGGTTCCCATAGA-1,0.997549,0.0024509805,human,Uncorrected
CTGAATGAGAAAGTCT-1,0.0017459766,0.998254,mouse,Uncorrected
CTGAGCGAGCCGAACA-1,0.9981944,0.001805607,human,Uncorrected
CTGAGCGAGGGTCACA-1,0.9984931,0.0015069442,human,Uncorrected
CTGAGCGGTCTCAGAT-1,0.9981398,0.0018602037,human,Uncorrected
CTGCAGGTCGTAGGGA-1,0.0024113448,0.99758863,mouse,Uncorrected
CTGCCATGTTTACGAC-1,0.9980673,0.0019326967,human,Uncorrected
CTGCCTAAGTAGAGTT-1,0.99821776,0.0017822105,human,Uncorrected
CTGCCTACATCTCATT-1,0.99773455,0.0022654454,human,Uncorrected
CTGCGAGAGTGAACAT-1,0.0018824559,0.99811757,mouse,Uncorrected
CTGGACGCACGATAGG-1,0.0016618443,0.99833816,mouse,Uncorrected
CTGGACGTCCAAGCCG-1,0.9981794,0.0018205948,human,Uncorrected
CTGGCAGTCAACACCA-1,0.0020316816,0.9979683,mouse,Uncorrected
CTGGCAGTCTCGCTCA-1,0.9980916,0.0019084248,human,Uncorrected
CTGGTCTAGCCATATC-1,0.0028491188,0.9971509,mouse,Uncorrected
CTGGTCTTCTTAAGGC-1,0.9973863,0.0026137293,human,Uncorrected
CTGTAGAGTAAGACCG-1,0.997784,0.002215965,human,Uncorrected
CTGTAGAGTCGAGTTT-1,0.0024843356,0.9975157,mouse,Uncorrected
CTGTATTCAATACCTG-1,0.002346539,0.9976535,mouse,Uncorrected
CTGTATTTCCGGACGT-1,0.99782354,0.0021764387,human,Uncorrected
CTGTCGTAGTTGGACG-1,0.0024453276,0.99755466,mouse,Uncorrected
CTTACCGTCATTCTTG-1,0.99832314,0.0016768406,human,Uncorrected
CTTACCGTCCGAACGC-1,0.99776864,0.0022313765,human,Uncorrected
CTTCCGAAGTACCCTA-1,0.004839085,0.99516094,ambiguous,Uncorrected
CTTCCGACACATCATG-1,0.0020618944,0.9979381,mouse,Uncorrected
CTTCCTTGTGACTCGC-1,0.0021058316,0.99789417,mouse,Uncorrected
CTTCGGTCAGACGATG-1,0.0018946754,0.99810535,mouse,Uncorrected
CTTCGGTCAGCTTCCT-1,0.002161719,0.99783826,mouse,Uncorrected
CTTCGGTTCTTTCAGT-1,0.0018117476,0.99818826,mouse,Uncorrected
CTTCTAAAGCAGAAAG-1,0.997717,0.0022829508,human,Uncorrected
CTTCTAAGTTCCTAGA-1,0.0022186139,0.9977814,mouse,Uncorrected
CTTCTCTTCTGAGGCC-1,0.0021246702,0.99787533,mouse,Uncorrected
CTTGAGAAGGGATGTC-1,0.9980884,0.00191161,human,Uncorrected
CTTTCAAAGTTCGGTT-1,0.9982521,0.0017479319,human,Uncorrected
CTTTCGGGTGTGAGCA-1,0.99512905,0.0048709516,ambiguous,Uncorrected
GAAATGAAGGTTGAGC-1,0.0020556485,0.99794436,mouse,Uncorrected
GAAATGAGTTCCTTGC-1,0.9979559,0.002044108,human,Uncorrected
GAACACTTCGAAGCAG-1,0.0022661232,0.9977339,mouse,Uncorrected
GAACGTTCATAGAAAC-1,0.0016118388,0.9983882,mouse,Uncorrected
GAACGTTGTCAAAGCG-1,0.99777883,0.0022211492,human,Uncorrected
GAACGTTGTTTGATCG-1,0.005366538,0.99463344,ambiguous,Uncorrected
GAACTGTCAACTCGAT-1,0.0025208907,0.9974791,mouse,Uncorrected
GAACTGTCAGCGTTGC-1,0.9982671,0.001732892,human,Uncorrected
GAACTGTGTTTCCAAG-1,0.0023701196,0.9976299,mouse,Uncorrected
GAACTGTTCGTGGGTC-1,0.99767935,0.0023206212,human,Uncorrected
GAAGAATCAATTGCGT-1,0.0022150106,0.997785,mouse,Uncorrected
GAAGAATTCCGTATGA-1,0.0030983323,0.9969017,mouse,Uncorrected
GAAGCGACACATGGTT-1,0.0016690824,0.9983309,mouse,Uncorrected
GAAGCGAGTAGCCAGA-1,0.998544,0.001456028,human,Uncorrected
GAAGCGATCATCACTT-1,0.9985629,0.0014370978,human,Uncorrected
GAATAGACACTAACGT-1,0.9979192,0.002080791,human,Uncorrected
GAATCACTCCTTACCG-1,0.0016541596,0.99834585,mouse,Uncorrected
GACACGCAGGGCAGGA-1,0.001866892,0.9981331,mouse,Uncorrected
GACATCAAGCTAGAAT-1,0.0017265647,0.99827343,mouse,Uncorrected
GACATCAGTGTGAATA-1,0.0021555885,0.9978444,mouse,Uncorrected
GACCAATCACCTGCAG-1,0.0019821606,0.99801785,mouse,Uncorrected
GACCAATGTCGAAGCA-1,0.9979104,0.0020896166,human,Uncorrected
GACCCAGCAAACTAGA-1,0.99790955,0.0020904553,human,Uncorrected
GACCCAGCAGAAACCG-1,0.0023494232,0.99765056,mouse,Uncorrected
GACCCAGGTTTCGTTT-1,0.9985173,0.0014827367,human,Uncorrected
GACCCAGTCAACACGT-1,0.99830836,0.0016916225,human,Uncorrected
GACCCTTCAAAGGGCT-1,0.99761665,0.002383363,human,Uncorrected
GACCCTTCATCAGCTA-1,0.99819267,0.0018073127,human,Uncorrected
GACCGTGCATCGCTGG-1,0.0020719424,0.9979281,mouse,Uncorrected
GACCTTCGTACAGTAA-1,0.9975121,0.0024878716,human,Uncorrected
GACGCTGTCCGTCACT-1,0.9978373,0.0021627017,human,Uncorrected
GACGTTACAGCTGTTA-1,0.0020685473,0.9979315,mouse,Uncorrected
GACGTTATCCACACAA-1,0.0018216263,0.99817836,mouse,Uncorrected
GACTATGAGAACAAGG-1,0.9979626,0.0020374046,human,Uncorrected
GACTATGCAGACAATA-1,0.9971997,0.00280029,human,Uncorrected
GACTATGCATCTATCT-1,0.99844337,0.0015566465,human,Uncorrected
GACTCAAGTGTAGGAC-1,0.00211022,0.99788976,mouse,Uncorrected
GACTCTCCATCAGCTA-1,0.0023541376,0.99764585,mouse,Uncorrected
GACTTCCAGAGTCTTC-1,0.997563,0.0024370118,human,Uncorrected
GAGAAATAGCATGCGA-1,0.99729055,0.0027094318,human,Uncorrected
GAGAGGTCAGAACTAA-1,0.0018883487,0.99811167,mouse,Uncorrected
GAGATGGAGGTGCATG-1,0.9981186,0.0018814321,human,Uncorrected
GAGCCTGCAGCATACT-1,0.9978449,0.0021551242,human,Uncorrected
GAGCTGCAGACTTCGT-1,0.99774384,0.0022561403,human,Uncorrected
GAGCTGCCAATACGAA-1,0.99762255,0.0023774263,human,Uncorrected
GAGGCCTGTCCGTTTC-1,0.99756324,0.0024367732,human,Uncorrected
GAGGGTAAGAATACAC-1,0.0025561147,0.9974439,mouse,Uncorrected
GAGTGAGTCCAACTGA-1,0.0017699517,0.99823004,mouse,Uncorrected
GAGTTACCAAATTGGA-1,0.9972403,0.0027597225,human,Uncorrected
GAGTTGTTCTTTGGAG-1,0.9976445,0.0023555248,human,Uncorrected
GAGTTTGCAAGCCTGC-1,0.0019084509,0.9980916,mouse,Uncorrected
GATAGCTAGCTGGAGT-1,0.99819463,0.0018053621,human,Uncorrected
GATAGCTGTAATCAGA-1,0.99837416,0.0016258551,human,Uncorrected
GATCACACAGCACACC-1,0.0019404433,0.9980596,mouse,Uncorrected
GATCAGTGTAATACCC-1,0.9981347,0.0018653105,human,Uncorrected
GATCCCTGTTAGAAAC-1,0.9977926,0.0022073896,human,Uncorrected
GATCCCTTCTTCCCAG-1,0.9972085,0.0027915493,human,Uncorrected
GATCGTATCTTCACAT-1,0.9980771,0.0019228933,human,Uncorrected
GATGGAGTCTGTCAGA-1,0.99831635,0.0016836592,human,Uncorrected
GATTCGATCTTTCAGT-1,0.9975063,0.0024936795,human,Uncorrected
GATTCTTGTACGTTCA-1,0.99823546,0.0017645172,human,Uncorrected
GATTTCTGTGTACAGG-1,0.0019835841,0.9980164,mouse,Uncorrected
GCAACATTCTGGAAGG-1,0.002088364,0.99791163,mouse,Uncorrected
GCAACCGAGGAAGTAG-1,0.9983422,0.0016577999,human,Uncorrected
GCAACCGAGTCAAGCG-1,0.9979423,0.0020576625,human,Uncorrected
GCACATAAGTAAACAC-1,0.9979141,0.0020859034,human,Uncorrected
GCACATATCTGGGCGT-1,0.0025043776,0.99749565,mouse,Uncorrected
GCACGTGGTCGTTCAA-1,0.0015967431,0.99840325,mouse,Uncorrected
GCACTAAGTCTTCAAG-1,0.0021946484,0.99780536,mouse,Uncorrected
GCAGCCAAGGTCCCGT-1,0.0019252719,0.9980747,mouse,Uncorrected
GCAGCCAGTCAGGCAA-1,0.002225095,0.9977749,mouse,Uncorrected
GCATCGGAGGAAGTCC-1,0.99778795,0.0022120632,human,Uncorrected
GCATGATGTCGATTCA-1,0.99831665,0.0016833489,human,Uncorrected
GCATGATTCTCTGAGA-1,0.0019703764,0.99802965,mouse,Uncorrected
GCCAACGCACCGAATT-1,0.9982019,0.001798103,human,Uncorrected
GCCAGCACACAGTATC-1,0.0025315133,0.9974685,mouse,Uncorrected
GCCAGCATCTTTCTAG-1,0.0017954,0.9982046,mouse,Uncorrected
GCCAGGTGTTCTCTCG-1,0.99797255,0.0020274743,human,Uncorrected
GCCAGTGAGCAGGTCA-1,0.99774176,0.0022582358,human,Uncorrected
GCCAGTGGTAGACTGG-1,0.0023243472,0.99767566,mouse,Uncorrected
GCCAGTGGTCCTTGTC-1,0.0026365349,0.99736345,mouse,Uncorrected
GCCCAGAAGCGATGGT-1,0.0018392013,0.9981608,mouse,Uncorrected
GCCCAGACATCCGTTC-1,0.99811625,0.0018837496,human,Uncorrected
GCCCGAACATTGACCA-1,0.9980482,0.0019518241,human,Uncorrected
GCCCGAATCCGGCAAC-1,0.9980431,0.001956897,human,Uncorrected
GCCGATGAGCAGGTCA-1,0.0020268164,0.9979732,mouse,Uncorrected
GCCGATGCACTACGGC-1,0.9980328,0.0019672017,human,Uncorrected
GCCGATGGTAGTGGCA-1,0.9983731,0.0016269154,human,Uncorrected
GCGAGAACAACAACAA-1,0.002140933,0.99785906,mouse,Uncorrected
GCGGAAAAGCAGGTCA-1,0.0016861061,0.9983139,mouse,Uncorrected
GCGGAAAGTCTTGAAC-1,0.0023600154,0.99764,mouse,Uncorrected
GCGTTTCCACACTTAG-1,0.99831396,0.0016860563,human,Uncorrected
GCGTTTCCAGGATTCT-1,0.0020708782,0.9979291,mouse,Uncorrected
GCGTTTCTCAATCTTC-1,0.0020380283,0.997962,mouse,Uncorrected
GCGTTTCTCGTCGCTT-1,0.0023287283,0.99767125,mouse,Uncorrected
GCTACAAAGTAGGGTC-1,0.002850405,0.9971496,mouse,Uncorrected
GCTACCTAGTACCGGA-1,0.0020396225,0.9979604,mouse,Uncorrected
GCTACCTGTTGCATAC-1,0.0038449913,0.996155,mouse,Uncorrected
GCTCAAAGTGACCGAA-1,0.0021866914,0.9978133,mouse,Uncorrected
GCTGAATAGAATCTAG-1,0.0024278,0.9975722,mouse,Uncorrected
GCTGAATCACCTGCGA-1,0.0020400179,0.99796,mouse,Uncorrected
GCTTTCGGTAGGCTGA-1,0.9980971,0.0019028526,human,Uncorrected
GGAACCCTCACTCCGT-1,0.9981889,0.001811063,human,Uncorrected
GGAACCCTCGTGGGTC-1,0.0017450495,0.99825495,mouse,Uncorrected
GGAAGTGAGAGCATAT-1,0.9975904,0.0024095562,human,Uncorrected
GGACGTCAGGTGATCG-1,0.34505558,0.6549444,ambiguous,Uncorrected
GGAGATGAGCCTTGAT-1,0.0021673928,0.9978326,mouse,Uncorrected
GGAGCAAAGTGGAAGA-1,0.0024602304,0.99753976,mouse,Uncorrected
GGAGCAACATAATCGC-1,0.0019534254,0.9980466,mouse,Uncorrected
GGAGGATGTCACTTAG-1,0.9982458,0.0017542257,human,Uncorrected
GGATCTACAACCCGCA-1,0.99808735,0.0019126689,human,Uncorrected
GGATCTATCATCCTGC-1,0.002658312,0.9973417,mouse,Uncorrected
GGATGTTAGGTACCTT-1,0.0023259805,0.99767405,mouse,Uncorrected
GGATGTTCATGCCATA-1,0.002374142,0.9976259,mouse,Uncorrected
GGCAGTCAGGATACCG-1,0.002140247,0.9978598,mouse,Uncorrected
GGCAGTCGTGTATACC-1,0.99810356,0.001896438,human,Uncorrected
GGCTTGGGTGTCCGTG-1,0.9979928,0.0020071862,human,Uncorrected
GGCTTGGGTGTCTAAC-1,0.0019667554,0.9980332,mouse,Uncorrected
GGGAAGTAGCATGCAG-1,0.0017321858,0.9982678,mouse,Uncorrected
GGGAAGTAGGTCACCC-1,0.0038624804,0.9961375,mouse,Uncorrected
GGGACCTAGTCAGCCC-1,0.99831253,0.0016874662,human,Uncorrected
GGGACCTCACGAGGAT-1,0.0018081862,0.99819183,mouse,Uncorrected
GGGACTCCACTACACA-1,0.99799067,0.0020093282,human,Uncorrected
GGGACTCTCCCATTTA-1,0.9979197,0.0020803423,human,Uncorrected
GGGAGTAGTCACCACG-1,0.0018797317,0.99812025,mouse,Uncorrected
GGGAGTATCCAAGCCG-1,0.99774987,0.0022501429,human,Uncorrected
GGGAGTATCTTACACT-1,0.0027515723,0.9972484,mouse,Uncorrected
GGGCGTTTCGCAGTTA-1,0.998279,0.0017210427,human,Uncorrected
GGGCTACAGCATCCCG-1,0.002942619,0.9970574,mouse,Uncorrected
GGGTATTTCAACTACG-1,0.99776495,0.0022350824,human,Uncorrected
GGGTCACTCAGTAGGG-1,0.9974106,0.0025893957,human,Uncorrected
GGGTCACTCTAGTGAC-1,0.99739474,0.002605238,human,Uncorrected
GGGTGTCGTCCTTTGC-1,0.0018868971,0.9981131,mouse,Uncorrected
GGGTTATCATCGATAC-1,0.99802387,0.0019761315,human,Uncorrected
GGGTTATTCTTAAGGC-1,0.0026192649,0.99738073,mouse,Uncorrected
GGGTTTAGTGGATTTC-1,0.002212989,0.997787,mouse,Uncorrected
GGTAATCAGGCGCTTC-1,0.9981562,0.001843821,human,Uncorrected
GGTAGAGCAAACTCGT-1,0.0022347025,0.9977653,mouse,Uncorrected
GGTCACGAGTGGACGT-1,0.99795884,0.0020411662,human,Uncorrected
GGTGAAGAGCCTGAGA-1,0.0018079913,0.998192,mouse,Uncorrected
GGTGGCTAGAGGGTGG-1,0.99782395,0.002176023,human,Uncorrected
GGTGGCTCAGCTACTA-1,0.0021143942,0.9978856,mouse,Uncorrected
GGTGTCGTCATGCTAG-1,0.99805707,0.0019429447,human,Uncorrected
GGTGTTACATCGCTGG-1,0.99801314,0.001986839,human,Uncorrected
GGTGTTACATGACGTT-1,0.0017518668,0.99824816,mouse,Uncorrected
GGTTGTATCACAGAGG-1,0.9976508,0.0023492225,human,Uncorrected
GTAACACCAACTCGTA-1,0.99786216,0.002137827,human,Uncorrected
GTAACACCAGGCATGA-1,0.9979665,0.0020334432,human,Uncorrected
GTAACCAGTCCAAGAG-1,0.99779254,0.002207467,human,Uncorrected
GTAATGCGTCCCGTGA-1,0.9981546,0.0018454113,human,Uncorrected
GTAATGCTCCGACATA-1,0.0014901881,0.9985098,mouse,Uncorrected
GTACAACTCTCAGTCC-1,0.001998235,0.99800175,mouse,Uncorrected
GTAGAAACAATCTGCA-1,0.9980977,0.0019022792,human,Uncorrected
GTAGAAACATCCGAAT-1,0.9977235,0.0022764541,human,Uncorrected
GTAGAAACATTGAGGG-1,0.9979795,0.002020474,human,Uncorrected
GTAGAGGAGGATACGC-1,0.9979079,0.0020921233,human,Uncorrected
GTAGATCCAGTTACCA-1,0.99723476,0.0027652318,human,Uncorrected
GTAGATCGTTTCGTAG-1,0.0016760194,0.998324,mouse,Uncorrected
GTAGCTATCGCAGAGA-1,0.9979846,0.002015387,human,Uncorrected
GTAGCTATCGTGGCTG-1,0.99759924,0.0024007813,human,Uncorrected
GTAGGTTTCGCCACTT-1,0.0020931226,0.99790686,mouse,Uncorrected
GTAGTACTCTCTATAC-1,0.0028173907,0.9971826,mouse,Uncorrected
GTATTGGAGAAGCTCG-1,0.99805605,0.001943968,human,Uncorrected
GTATTGGTCGGAAGGT-1,0.0017754837,0.9982245,mouse,Uncorrected
GTATTTCAGTCCCAAT-1,0.0019438906,0.9980561,mouse,Uncorrected
GTCACGGAGCCATTGT-1,0.0020260727,0.9979739,mouse,Uncorrected
GTCAGCGAGTCATTGC-1,0.9980039,0.0019961186,human,Uncorrected
GTCAGCGCACTACAGT-1,0.0018324868,0.9981675,mouse,Uncorrected
GTCATCCGTCTGTCAA-1,0.9979986,0.002001424,human,Uncorrected
GTCATGAGTACGGCAA-1,0.99826854,0.0017314467,human,Uncorrected
GTCATTTCAAGTGCAG-1,0.0024602409,0.99753976,mouse,Uncorrected
GTCCCATCAGAGCTAG-1,0.99754304,0.002456934,human,Uncorrected
GTCCCATGTCTAGATC-1,0.99820673,0.0017932894,human,Uncorrected
GTCCCATTCGTCGATA-1,0.0018083183,0.99819165,mouse,Uncorrected
GTCGAATGTTGGTACT-1,0.002230617,0.99776936,mouse,Uncorrected
GTCGCGACAGGTCCCA-1,0.998837,0.0011630349,human,Uncorrected
GTCGCGATCAAGCTTG-1,0.99789286,0.0021071362,human,Uncorrected
GTCGTAACACCGTACG-1,0.9979597,0.0020403322,human,Uncorrected
GTCGTAACAGCCTACG-1,0.99827296,0.0017270267,human,Uncorrected
GTCGTTCAGGCCCAAA-1,0.99803376,0.0019662392,human,Uncorrected
GTCGTTCCAGGAATAT-1,0.99788874,0.0021112834,human,Uncorrected
GTCTAGAGTAACACGG-1,0.0020676446,0.9979324,mouse,Uncorrected
GTCTCACCAGTCAGTT-1,0.0019967922,0.9980032,mouse,Uncorrected
GTCTCACTCGTTCATT-1,0.9977636,0.002236429,human,Uncorrected
GTCTCACTCTGTAACG-1,0.9978987,0.0021013308,human,Uncorrected
GTCTGTCAGTGGTTCT-1,0.002039627,0.9979604,mouse,Uncorrected
GTCTTTAAGGCCATAG-1,0.0019118042,0.9980882,mouse,Uncorrected
GTGACGCAGTTCTCTT-1,0.001707163,0.99829286,mouse,Uncorrected
GTGACGCCAATACCCA-1,0.0021644572,0.9978355,mouse,Uncorrected
GTGACGCGTGCAGTGA-1,0.0014822053,0.9985178,mouse,Uncorrected
GTGAGGACATATACCG-1,0.9983724,0.0016276239,human,Uncorrected
GTGAGTTGTAACACGG-1,0.0019324995,0.9980675,mouse,Uncorrected
GTGATGTCACAATGCT-1,0.0019410026,0.998059,mouse,Uncorrected
GTGATGTTCCAAGAGG-1,0.9976444,0.0023555856,human,Uncorrected
GTGCACGAGAGGGCGA-1,0.0020447508,0.99795526,mouse,Uncorrected
GTGCACGGTCGTACAT-1,0.0016755019,0.9983245,mouse,Uncorrected
GTGCAGCAGCGTTCAT-1,0.9978799,0.0021200704,human,Uncorrected
GTGCAGCAGGATATGT-1,0.99837583,0.001624163,human,Uncorrected
GTGCGTGAGTTCACTG-1,0.99778795,0.0022120334,human,Uncorrected
GTGCGTGCACGCGGTT-1,0.0018094522,0.9981905,mouse,Uncorrected
GTGCGTGTCGCTACGG-1,0.0023500088,0.99764997,mouse,Uncorrected
GTGCTGGTCGATGCAT-1,0.99853206,0.0014679348,human,Uncorrected
GTGCTGGTCGGTTCAA-1,0.002624672,0.9973753,mouse,Uncorrected
GTGCTTCGTACTCAAC-1,0.0023391386,0.9976609,mouse,Uncorrected
GTGGAAGCAACCTATG-1,0.0018396103,0.99816036,mouse,Uncorrected
GTGGAAGCATTCGGGC-1,0.001750137,0.9982499,mouse,Uncorrected
GTGGAAGTCCAACCGG-1,0.99769765,0.002302324,human,Uncorrected
GTGGGAATCTGGCCAG-1,0.99794567,0.0020543358,human,Uncorrected
GTGTAACCAATGTTGC-1,0.0021442722,0.9978557,mouse,Uncorrected
GTGTAACGTCTGCGCA-1,0.99810207,0.0018979538,human,Uncorrected
GTGTAACGTTACGGAG-1,0.9973797,0.0026202847,human,Uncorrected
GTGTCCTGTATGGTAA-1,0.9978937,0.0021063245,human,Uncorrected
GTGTGATTCCGCTGTT-1,0.9978965,0.002103515,human,Uncorrected
GTGTGGCAGCAAATCA-1,0.99813205,0.0018679606,human,Uncorrected
GTGTGGCTCTCGCTCA-1,0.001545441,0.9984546,mouse,Uncorrected
GTGTTCCCATGACTGT-1,0.9975831,0.0024169185,human,Uncorrected
GTTACCCCAATTTCCT-1,0.998147,0.0018529822,human,Uncorrected
GTTACCCCACCCTGTT-1,0.9964609,0.0035391094,human,Uncorrected
GTTACCCGTCTCAAGT-1,0.99799925,0.002000737,human,Uncorrected
GTTAGACCATAAGATG-1,0.0025275983,0.9974724,mouse,Uncorrected
GTTAGTGCAGTCGGTC-1,0.001990383,0.9980096,mouse,Uncorrected
GTTCATTAGGTCCCGT-1,0.99810535,0.0018946314,human,Uncorrected
GTTCCGTTCTCCAATT-1,0.0022960696,0.9977039,mouse,Uncorrected
GTTCGCTAGTCATCCA-1,0.99817026,0.0018297671,human,Uncorrected
GTTCTATAGGGCAGGA-1,0.99814594,0.0018540894,human,Uncorrected
GTTCTATGTAGATTGA-1,0.997652,0.0023480083,human,Uncorrected
GTTCTATGTTCCATTT-1,0.99793106,0.0020689364,human,Uncorrected
GTTCTATTCCGGTTCT-1,0.001963942,0.9980361,mouse,Uncorrected
GTTGCGGTCTAGTGTG-1,0.99783057,0.002169402,human,Uncorrected
GTTGTAGAGTGCACAG-1,0.99787074,0.0021292747,human,Uncorrected
GTTGTAGGTTCTTAGG-1,0.9981571,0.0018429165,human,Uncorrected
GTTTGGACAGAGTGTG-1,0.0021652123,0.9978348,mouse,Uncorrected
GTTTGGAGTATGGGAC-1,0.99786866,0.0021313182,human,Uncorrected
TAACCAGGTCAACGCC-1,0.0024754351,0.99752456,mouse,Uncorrected
TAACGACGTATCGTGT-1,0.0019104078,0.9980896,mouse,Uncorrected
TAACTTCAGATACTGA-1,0.0019669712,0.99803305,mouse,Uncorrected
TAACTTCTCTATCGTT-1,0.99732536,0.002674613,human,Uncorrected
TAAGCCAAGCATCCTA-1,0.0019664124,0.9980336,mouse,Uncorrected
TAAGCCAAGCCTCTGG-1,0.9973374,0.0026625886,human,Uncorrected
TAAGCCAAGGGCCAAT-1,0.9975646,0.0024353666,human,Uncorrected
TAAGCGTCATGGGATG-1,0.9983961,0.001603922,human,Uncorrected
TAATTCCAGCGGTATG-1,0.99685025,0.0031497735,human,Uncorrected
TAATTCCGTACAGCGA-1,0.9975288,0.0024712095,human,Uncorrected
TACAACGTCGAGAACG-1,0.0027191748,0.99728084,mouse,Uncorrected
TACACCCAGGCTAACG-1,0.9981505,0.0018494914,human,Uncorrected
TACACCCTCAGTGCGC-1,0.99841577,0.0015842314,human,Uncorrected
TACATTCAGGACGGAG-1,0.0023573402,0.99764264,mouse,Uncorrected
TACATTCCATTCTCCG-1,0.9976309,0.002369127,human,Uncorrected
TACATTCGTTCTAACG-1,0.0018620398,0.99813795,mouse,Uncorrected
TACCCACCACTATGTG-1,0.99754673,0.0024532932,human,Uncorrected
TACCCACGTCGGAACA-1,0.99833834,0.0016616816,human,Uncorrected
TACCCACTCTATGCCC-1,0.9974471,0.0025529447,human,Uncorrected
TACCCGTAGCTACGTT-1,0.9961075,0.0038924736,human,Uncorrected
TACCGAATCCACGTGG-1,0.0020473546,0.99795264,mouse,Uncorrected
TACCGAATCCTGTACC-1,0.0021322973,0.9978677,mouse,Uncorrected
TACCGGGGTTGTGGAG-1,0.9975901,0.0024099024,human,Uncorrected
TACCGGGTCTGCGGCA-1,0.0021725385,0.9978275,mouse,Uncorrected
TACCTCGCACGTCTCT-1,0.9980621,0.0019379363,human,Uncorrected
TACGCTCGTCTCGGAC-1,0.9983649,0.0016350871,human,Uncorrected
TACGGGCAGCATCAAA-1,0.9974647,0.0025352633,human,Uncorrected
TACGGTATCCTCTAGC-1,0.9977214,0.0022786343,human,Uncorrected
TACTGCCCACATGACT-1,0.002284533,0.9977155,mouse,Uncorrected
TACTGCCGTACAGTCT-1,0.99804866,0.0019513131,human,Uncorrected
TACTGCCGTCTGCATA-1,0.99755555,0.0024444354,human,Uncorrected
TACTTCACACCACATA-1,0.99731916,0.0026808467,human,Uncorrected
TAGACCAAGCATCCCG-1,0.99767345,0.0023265495,human,Uncorrected
TAGACCAAGTACGTCT-1,0.0018773644,0.99812263,mouse,Uncorrected
TAGACCATCCTCTGCA-1,0.9978765,0.002123499,human,Uncorrected
TAGACCATCGCCTATC-1,0.0014547114,0.9985453,mouse,Uncorrected
TAGACCATCTAAGCCA-1,0.0015747396,0.99842525,mouse,Uncorrected
TAGAGTCCAACGACAG-1,0.0017011487,0.9982988,mouse,Uncorrected
TAGATCGCACTTGTCC-1,0.997634,0.0023660068,human,Uncorrected
TAGCACACATAGGTAA-1,0.0016518323,0.9983482,mouse,Uncorrected
TAGGAGGGTACCTGTA-1,0.0021359012,0.9978641,mouse,Uncorrected
TAGGGTTGTCACGCTG-1,0.9983907,0.001609323,human,Uncorrected
TAGGGTTTCTCGCGTT-1,0.99777246,0.0022275532,human,Uncorrected
TAGGTACCACAGAGAC-1,0.002425589,0.9975744,mouse,Uncorrected
TAGGTTGAGTTACGAA-1,0.002043877,0.9979561,mouse,Uncorrected
TAGGTTGAGTTGAAGT-1,0.0024608823,0.9975391,mouse,Uncorrected
TAGGTTGCAGAGATGC-1,0.9979447,0.002055269,human,Uncorrected
TAGGTTGGTGTGTGTT-1,0.9981205,0.0018795051,human,Uncorrected
TAGTGCATCACAACCA-1,0.9974046,0.0025954363,human,Uncorrected
TATACCTAGTCATACC-1,0.0020275242,0.9979725,mouse,Uncorrected
TATATCCAGATGAATC-1,0.9970193,0.002980691,human,Uncorrected
TATATCCGTAGAGCTG-1,0.0017653982,0.9982346,mouse,Uncorrected
TATATCCTCAGGGATG-1,0.0020819805,0.997918,mouse,Uncorrected
TATCAGGTCTATTGTC-1,0.9976022,0.0023977812,human,Uncorrected
TATCCTACACTGGCGT-1,0.0018350638,0.99816495,mouse,Uncorrected
TATCGCCGTAGTGATA-1,0.9973703,0.0026297262,human,Uncorrected
TATCGCCGTCAACCAT-1,0.9977406,0.0022593879,human,Uncorrected
TATCTGTCACACACGC-1,0.00157651,0.9984235,mouse,Uncorrected
TATCTGTGTCGTATGT-1,0.001837945,0.99816203,mouse,Uncorrected
TATCTTGTCAGCATTG-1,0.9974889,0.0025110887,human,Uncorrected
TATGTTCTCTTCGATT-1,0.99754643,0.0024535577,human,Uncorrected
TATTTCGAGGTTCCGC-1,0.0019732409,0.9980268,mouse,Uncorrected
TATTTCGGTACTGTTG-1,0.002011269,0.99798876,mouse,Uncorrected
TCAAGACTCTTACACT-1,0.0023060036,0.997694,mouse,Uncorrected
TCAAGTGTCGCGTGAC-1,0.0021144473,0.9978855,mouse,Uncorrected
TCAATTCCACATACGT-1,0.0020918245,0.9979082,mouse,Uncorrected
TCAATTCCACTCCGAG-1,0.0026519904,0.997348,mouse,Uncorrected
TCAATTCTCTCACCCA-1,0.0020594008,0.9979406,mouse,Uncorrected
TCACAAGGTAACTTCG-1,0.9976835,0.0023164744,human,Uncorrected
TCACGCTAGCTGCCTG-1,0.9972298,0.0027701599,human,Uncorrected
TCACGCTGTTTGAACC-1,0.0016580942,0.9983419,mouse,Uncorrected
TCACGGGTCATTGCTT-1,0.0020353843,0.9979646,mouse,Uncorrected
TCACTATCAAGTTCGT-1,0.9978459,0.0021541289,human,Uncorrected
TCACTCGCACTTTATC-1,0.9974872,0.0025127965,human,Uncorrected
TCACTCGGTCTGATAC-1,0.998436,0.0015640103,human,Uncorrected
TCAGCCTCAAATGGTA-1,0.0030641542,0.99693584,mouse,Uncorrected
TCAGGTAAGCTGGCTC-1,0.001681688,0.9983183,mouse,Uncorrected
TCAGGTACACTTCTCG-1,0.9973076,0.0026923895,human,Uncorrected
TCAGTCCAGCTCGTGC-1,0.9976332,0.0023667896,human,Uncorrected
TCAGTCCAGGATACAT-1,0.9967706,0.0032293715,human,Uncorrected
TCAGTCCCAGCACAGA-1,0.0018542648,0.99814576,mouse,Uncorrected
TCAGTCCGTCCCACGA-1,0.00210217,0.9978978,mouse,Uncorrected
TCAGTGATCGATGCAT-1,0.0020233127,0.99797666,mouse,Uncorrected
TCAGTTTGTTCTAACG-1,0.002174784,0.9978252,mouse,Uncorrected
TCATATCAGCTAATGA-1,0.9975632,0.00243679,human,Uncorrected
TCATATCAGGTCCCGT-1,0.0023458742,0.99765414,mouse,Uncorrected
TCATATCCAATGCTCA-1,0.0018373984,0.9981626,mouse,Uncorrected
TCATATCCATGGCTGC-1,0.99808294,0.0019170903,human,Uncorrected
TCATCATCAGATACTC-1,0.9984067,0.0015932737,human,Uncorrected
TCATCATGTCTGATAC-1,0.99727297,0.0027270247,human,Uncorrected
TCATCATTCCACACAA-1,0.9978646,0.0021354174,human,Uncorrected
TCATCCGAGGATTCAA-1,0.0022519743,0.997748,mouse,Uncorrected
TCATGAGTCTGTACAG-1,0.9982093,0.0017907303,human,Uncorrected
TCATGCCTCCTCTTTC-1,0.0015536301,0.99844635,mouse,Uncorrected
TCATGCCTCTCCGAGG-1,0.99734926,0.0026507622,human,Uncorrected
TCATGTTGTGCCCACA-1,0.001613388,0.9983866,mouse,Uncorrected
TCATTACGTAGCACGA-1,0.0027693694,0.99723065,mouse,Uncorrected
TCATTCACAGTAACCT-1,0.0022937192,0.9977063,mouse,Uncorrected
TCATTCATCTGCCTCA-1,0.001716485,0.9982835,mouse,Uncorrected
TCCACCAAGAGTGACC-1,0.0016951292,0.99830484,mouse,Uncorrected
TCCACCAGTACGTTCA-1,0.9972922,0.0027077978,human,Uncorrected
TCCACGTTCGCCTTTG-1,0.0017082072,0.9982918,mouse,Uncorrected
TCCAGAAAGAGCACTG-1,0.99791664,0.0020833334,human,Uncorrected
TCCAGAAAGCGTATAA-1,0.0025662177,0.9974338,mouse,Uncorrected
TCCAGAATCAATCGGT-1,0.0020573547,0.9979426,mouse,Uncorrected
TCCAGAATCCCAAGTA-1,0.99809587,0.0019041575,human,Uncorrected
TCCCACACATCCGTGG-1,0.99778104,0.002218935,human,Uncorrected
TCCCAGTAGAATACAC-1,0.0022971379,0.99770284,mouse,Uncorrected
TCCCAGTCACCAGCCA-1,0.002099003,0.997901,mouse,Uncorrected
TCCCAGTGTTACACTG-1,0.0020746426,0.99792534,mouse,Uncorrected
TCCCATGGTCAGTCTA-1,0.0020412423,0.9979588,mouse,Uncorrected
TCCCATGGTGGTCTAT-1,0.9976313,0.0023686958,human,Uncorrected
TCCGAAAAGCCGGATA-1,0.9977497,0.0022503093,human,Uncorrected
TCCGATCAGATCGACG-1,0.9972689,0.0027310653,human,Uncorrected
TCCTCGAGTCTAGGTT-1,0.99767387,0.002326151,human,Uncorrected
TCCTCTTGTCTACAAC-1,0.0022284915,0.9977715,mouse,Uncorrected
TCCTCTTGTGATACAA-1,0.0020998025,0.9979002,mouse,Uncorrected
TCCTGCAAGCTGAAGC-1,0.002213834,0.99778616,mouse,Uncorrected
TCCTGCAGTTCCGCTT-1,0.0020585814,0.99794143,mouse,Uncorrected
TCCTGCAGTTCGATTG-1,0.0020967878,0.9979032,mouse,Uncorrected
TCCTTCTTCTCGGGAC-1,0.9973061,0.0026938866,human,Uncorrected
TCGAACACACATGTTG-1,0.9973128,0.0026872365,human,Uncorrected
TCGAACAGTTCTAAGC-1,0.9976411,0.0023589127,human,Uncorrected
TCGATTTCAAATACGA-1,0.0024627096,0.9975373,mouse,Uncorrected
TCGATTTCAAGAGTGC-1,0.99814314,0.0018568727,human,Uncorrected
TCGCACTGTTACCCTC-1,0.9984382,0.0015618376,human,Uncorrected
TCGCACTTCCGCACTT-1,0.0022844262,0.9977156,mouse,Uncorrected
TCGGATACATAACCCA-1,0.002000203,0.9979998,mouse,Uncorrected
TCGGGACGTGACTCGC-1,0.9981735,0.0018265069,human,Uncorrected
TCGGGCAAGAATTCAG-1,0.99808323,0.0019167645,human,Uncorrected
TCGGGCAAGCTACGTT-1,0.9972444,0.002755563,human,Uncorrected
TCGGGCAAGCTGGAGT-1,0.9984955,0.0015044837,human,Uncorrected
TCGGGTGAGACCACGA-1,0.0021251992,0.9978748,mouse,Uncorrected
TCGGGTGCAATGGGTG-1,0.002604552,0.99739546,mouse,Uncorrected
TCGGTCTCACGTGAGA-1,0.9985934,0.0014066313,human,Uncorrected
TCGTAGACAATACAGA-1,0.99846834,0.0015316868,human,Uncorrected
TCGTAGACACCACTGG-1,0.9983098,0.0016902152,human,Uncorrected
TCGTAGACAGGACTTT-1,0.99733245,0.0026675486,human,Uncorrected
TCGTCCAGTTTCGGCG-1,0.9976957,0.0023043305,human,Uncorrected
TCGTGGGAGGTAGATT-1,0.9975543,0.0024457083,human,Uncorrected
TCTACATGTTCAGCGC-1,0.99714774,0.0028522534,human,Uncorrected
TCTATACGTTTCTATC-1,0.0024976109,0.9975024,mouse,Uncorrected
TCTATACTCTGGACCG-1,0.0017622372,0.9982378,mouse,Uncorrected
TCTATCATCATGACAC-1,0.997971,0.0020290234,human,Uncorrected
TCTATCATCGCTCTAC-1,0.0018554053,0.99814457,mouse,Uncorrected
TCTCACGTCCACCTCA-1,0.9985564,0.0014435989,human,Uncorrected
TCTCACGTCCGAGGCT-1,0.0017302926,0.99826974,mouse,Uncorrected
TCTCAGCCAGTTGGTT-1,0.0020501202,0.9979499,mouse,Uncorrected
TCTCCGAGTATCAAGA-1,0.9978883,0.0021116748,human,Uncorrected
TCTGCCAGTAACAGTA-1,0.99725413,0.0027458852,human,Uncorrected
TCTGTCGCATCAGCGC-1,0.99774903,0.002250944,human,Uncorrected
TGAATCGTCGAACACT-1,0.9978231,0.0021768778,human,Uncorrected
TGAATGCAGTTAGTGA-1,0.0021085595,0.9978914,mouse,Uncorrected
TGACAGTCATACCAGT-1,0.0024476978,0.9975523,mouse,Uncorrected
TGACCCTCAGAGGCTA-1,0.9984054,0.0015946194,human,Uncorrected
TGACCCTTCAAAGAAC-1,0.99781495,0.0021850485,human,Uncorrected
TGACCCTTCGAGAAAT-1,0.0019301027,0.9980699,mouse,Uncorrected
TGACCCTTCGTTCTGC-1,0.997766,0.0022339649,human,Uncorrected
TGACTCCGTTGGTAGG-1,0.0025448643,0.9974551,mouse,Uncorrected
TGAGACTTCCGTAGGC-1,0.0019383918,0.9980616,mouse,Uncorrected
TGAGCATAGATCCGAG-1,0.001744186,0.9982558,mouse,Uncorrected
TGAGCATGTACCTAAC-1,0.0023858785,0.99761415,mouse,Uncorrected
TGAGCGCGTTCGGCCA-1,0.0021958223,0.99780416,mouse,Uncorrected
TGAGGGACATACTGAC-1,0.9982166,0.0017833529,human,Uncorrected
TGAGTCACACGCAGTC-1,0.0024947277,0.99750525,mouse,Uncorrected
TGATCAGCACCAAAGG-1,0.0019429527,0.99805707,mouse,Uncorrected
TGATGGTAGATGCTAA-1,0.0023461662,0.99765384,mouse,Uncorrected
TGATTTCCACCATAAC-1,0.0027964786,0.9972035,mouse,Uncorrected
TGCACGGGTCGTCAGC-1,0.0017561036,0.99824387,mouse,Uncorrected
TGCACGGTCGGAACTT-1,0.9976293,0.0023707384,human,Uncorrected
TGCAGATCAATGGCCC-1,0.9974287,0.0025712803,human,Uncorrected
TGCAGATGTAGCCCTG-1,0.9981002,0.0018997905,human,Uncorrected
TGCAGTAGTAGATTAG-1,0.0027865046,0.9972135,mouse,Uncorrected
TGCATCCCACCAGTAT-1,0.99820757,0.0017924405,human,Uncorrected
TGCATCCGTAGGTGCA-1,0.0020344,0.9979656,mouse,Uncorrected
TGCATGAGTGTTCGTA-1,0.9978141,0.002185858,human,Uncorrected
TGCGACGCAGTCGTTA-1,0.0025167784,0.9974832,mouse,Uncorrected
TGCGGCACAGCTCGGT-1,0.9977082,0.0022917758,human,Uncorrected
TGCGGGTCAAAGGGCT-1,0.0021680712,0.99783194,mouse,Uncorrected
TGCGGGTCATTGTACG-1,0.9983367,0.001663298,human,Uncorrected
TGCTGAACAACTCCCT-1,0.9977428,0.002257216,human,Uncorrected
TGCTGAAGTCTAGATC-1,0.9978248,0.002175223,human,Uncorrected
TGCTTGCAGTCTGCAT-1,0.0017109276,0.99828905,mouse,Uncorrected
TGCTTGCCAGCTTTCC-1,0.9976172,0.0023827879,human,Uncorrected
TGGAACTGTTGTCTAG-1,0.99835783,0.0016421551,human,Uncorrected
TGGAGAGCATCGAAGG-1,0.9977593,0.002240698,human,Uncorrected
TGGAGGACACATAGCT-1,0.9976749,0.0023250985,human,Uncorrected
TGGATGTTCGCGTGCA-1,0.9981206,0.0018794024,human,Uncorrected
TGGGAGAAGACTGTTC-1,0.9978452,0.0021548152,human,Uncorrected
TGGGAGAAGTGACCTT-1,0.9980635,0.0019364665,human,Uncorrected
TGGGAGAGTGACTGTT-1,0.0019179396,0.99808204,mouse,Uncorrected
TGGGAGATCATGTCAG-1,0.0019877595,0.99801224,mouse,Uncorrected
TGGGATTCAGCGTTTA-1,0.0018718179,0.9981282,mouse,Uncorrected
TGGGATTGTTAAGGGC-1,0.99631155,0.0036884283,human,Uncorrected
TGGGATTTCCTCTAGC-1,0.001941704,0.9980583,mouse,Uncorrected
TGGTACAAGCACCGTC-1,0.0017354483,0.99826455,mouse,Uncorrected
TGGTACACATACAGCT-1,0.001937308,0.9980627,mouse,Uncorrected
TGGTACATCTGCATAG-1,0.99767005,0.0023299365,human,Uncorrected
TGGTAGTTCTTGGCTC-1,0.9976003,0.0023996963,human,Uncorrected
TGGTGATCATTGAAGA-1,0.9980196,0.0019804018,human,Uncorrected
TGGTGATGTATCGTGT-1,0.9978972,0.0021028037,human,Uncorrected
TGGTGATGTCCAGGTC-1,0.002392693,0.9976073,mouse,Uncorrected
TGTAACGCATGCAGGA-1,0.0022472346,0.9977528,mouse,Uncorrected
TGTAACGGTATCGTTG-1,0.9978939,0.0021060659,human,Uncorrected
TGTAACGTCGGTTAGT-1,0.9981044,0.0018955964,human,Uncorrected
TGTAAGCAGCAGGCTA-1,0.9976864,0.0023136246,human,Uncorrected
TGTACAGTCTATGCCC-1,0.0022234274,0.99777657,mouse,Uncorrected
TGTAGACAGGGTATAT-1,0.9979734,0.0020266466,human,Uncorrected
TGTAGACGTCGTCATA-1,0.9983589,0.001641085,human,Uncorrected
TGTCAGAGTTGAGGAC-1,0.0021707145,0.99782926,mouse,Uncorrected
TGTCCCACACACCTGG-1,0.9978156,0.0021843784,human,Uncorrected
TGTGAGTTCATTGCGA-1,0.0020147455,0.99798524,mouse,Uncorrected
TGTGAGTTCTGCTGAA-1,0.9980721,0.0019279225,human,Uncorrected
TGTGATGGTGCATCTA-1,0.99804664,0.0019533394,human,Uncorrected
TGTGGCGTCAATCCGA-1,0.9975458,0.0024541947,human,Uncorrected
TGTTACTCACATATGC-1,0.001663996,0.998336,mouse,Uncorrected
TGTTACTTCCACTGGG-1,0.9971808,0.0028191702,human,Uncorrected
TGTTACTTCGACACCG-1,0.99811536,0.0018846588,human,Uncorrected
TGTTCATCATGACGGA-1,0.0024354602,0.99756455,mouse,Uncorrected
TGTTCTAAGGAGTACC-1,0.0019401896,0.9980598,mouse,Uncorrected
TGTTGAGGTCATATGC-1,0.0019847439,0.9980153,mouse,Uncorrected
TGTTGGACACCTCGTT-1,0.002119693,0.9978803,mouse,Uncorrected
TGTTTGTCAGCCGTCA-1,0.0020179527,0.997982,mouse,Uncorrected
TTAATCCTCCGGTTCT-1,0.0017782314,0.99822176,mouse,Uncorrected
TTACAGGTCCTGTACC-1,0.002031739,0.99796826,mouse,Uncorrected
TTACCGCCATCCGCGA-1,0.9982183,0.0017817243,human,Uncorrected
TTACGCCGTGGTCTGC-1,0.0023720104,0.997628,mouse,Uncorrected
TTACGTTCACCTGAAT-1,0.9978008,0.002199191,human,Uncorrected
TTACTGTCACCAGCGT-1,0.9982101,0.001789902,human,Uncorrected
TTAGGGTCAATGACCT-1,0.0020959678,0.997904,mouse,Uncorrected
TTAGTCTAGGTCATTC-1,0.99754125,0.002458737,human,Uncorrected
TTAGTCTCATGACAGG-1,0.99768937,0.0023106546,human,Uncorrected
TTAGTCTTCTGAGGTT-1,0.99756646,0.002433513,human,Uncorrected
TTATTGCAGTCGCCCA-1,0.99817044,0.0018295376,human,Uncorrected
TTCACCGTCCACGGGT-1,0.9983626,0.0016373774,human,Uncorrected
TTCACGCGTCTGATCA-1,0.0021780909,0.9978219,mouse,Uncorrected
TTCACGCGTTTCGTGA-1,0.9980251,0.0019748616,human,Uncorrected
TTCAGGAGTTGCCGCA-1,0.9978572,0.0021427698,human,Uncorrected
TTCATGTTCGAGAATA-1,0.9970601,0.0029399022,human,Uncorrected
TTCATGTTCGTTTACT-1,0.0022049367,0.99779505,mouse,Uncorrected
TTCATTGAGGAAGTCC-1,0.9979166,0.0020833968,human,Uncorrected
TTCATTGAGGCCACTC-1,0.0023393333,0.9976607,mouse,Uncorrected
TTCATTGCACCATAAC-1,0.9979918,0.0020082241,human,Uncorrected
TTCCGTGAGCGTATGG-1,0.0019768234,0.99802315,mouse,Uncorrected
TTCCGTGAGGACTGGT-1,0.99774945,0.0022505298,human,Uncorrected
TTCCGTGGTTAGGCTT-1,0.9979174,0.0020826103,human,Uncorrected
TTCCTCTGTTGTCCCT-1,0.99746525,0.0025347446,human,Uncorrected
TTCCTTCGTTGTGGAG-1,0.9978342,0.0021657806,human,Uncorrected
TTCGCTGTCTATTTCG-1,0.0021085925,0.9978914,mouse,Uncorrected
TTCGGTCGTCCGATCG-1,0.99827605,0.0017239306,human,Uncorrected
TTCTAACAGAGGTCAC-1,0.0017505002,0.9982495,mouse,Uncorrected
TTCTAACAGATGTTGA-1,0.0021554674,0.9978445,mouse,Uncorrected
TTCTAACTCTTTGATC-1,0.99756694,0.00243309,human,Uncorrected
TTCTCTCAGCCTCTTC-1,0.0017577868,0.9982422,mouse,Uncorrected
TTCTGTAAGGACAAGA-1,0.0023718367,0.99762815,mouse,Uncorrected
TTCTGTAAGGGTAGCT-1,0.001974821,0.9980252,mouse,Uncorrected
TTCTGTAAGGTTCCAT-1,0.00220945,0.9977906,mouse,Uncorrected
TTCTTCCAGGCGCTCT-1,0.9973862,0.002613764,human,Uncorrected
TTCTTCCCACGTTGGC-1,0.0019056853,0.9980943,mouse,Uncorrected
TTCTTGACACCGTCGA-1,0.9981706,0.0018293612,human,Uncorrected
TTGACCCAGCACACCC-1,0.0025042293,0.9974958,mouse,Uncorrected
TTGACCCAGCGTGCCT-1,0.99792117,0.0020788305,human,Uncorrected
TTGACCCAGTAAACTG-1,0.9979908,0.0020091848,human,Uncorrected
TTGATGGCAATACGAA-1,0.9973731,0.0026268684,human,Uncorrected
TTGATGGTCGCCGAAC-1,0.99759686,0.002403111,human,Uncorrected
TTGCATTAGTTCCAGT-1,0.0021596407,0.99784034,mouse,Uncorrected
TTGCATTCATCGATAC-1,0.9985522,0.0014478213,human,Uncorrected
TTGCATTGTGGCAGAT-1,0.9979955,0.002004476,human,Uncorrected
TTGCGTCCATCGATGT-1,0.0022686843,0.9977313,mouse,Uncorrected
TTGCGTCGTACATTGC-1,0.99865025,0.0013497246,human,Uncorrected
TTGCTGCTCTGCGGGT-1,0.9976485,0.0023514957,human,Uncorrected
TTGGATGCAATTTCCT-1,0.9980088,0.0019912182,human,Uncorrected
TTGGATGTCACTGAAC-1,0.0021542078,0.99784577,mouse,Uncorrected
TTGGATGTCGGACCAC-1,0.9967151,0.0032848755,human,Uncorrected
TTGGGATAGTTGGACG-1,0.99832296,0.0016770308,human,Uncorrected
TTGGGATGTCGAGTTT-1,0.0020310655,0.9979689,mouse,Uncorrected
TTGGGATTCTGTCTCG-1,0.9982131,0.0017869109,human,Uncorrected
TTGGGCGGTTTAGACC-1,0.0019238722,0.99807614,mouse,Uncorrected
TTGGTTTAGTAACGTA-1,0.003119331,0.99688065,mouse,Uncorrected
TTGGTTTTCTATCGGA-1,0.0017371164,0.9982629,mouse,Uncorrected
TTGTTCAAGGCTTTCA-1,0.0020292911,0.9979707,mouse,Uncorrected
TTGTTGTCACAAGCAG-1,0.99771935,0.00228066,human,Uncorrected
TTGTTGTGTAGCTGCC-1,0.0027715508,0.99722844,mouse,Uncorrected
TTGTTTGCAAGGCTTT-1,0.0017708376,0.99822915,mouse,Uncorrected
TTTACCATCACAATGC-1,0.0016984303,0.99830157,mouse,Uncorrected
TTTACCATCATAGCAC-1,0.9979752,0.0020248184,human,Uncorrected
TTTACCATCCGCACTT-1,0.99734336,0.0026566305,human,Uncorrected
TTTATGCAGGAGATAG-1,0.002048449,0.99795157,mouse,Uncorrected
TTTCACATCTAAGAAG-1,0.9976475,0.002352475,human,Uncorrected
TTTCAGTCAAGACCTT-1,0.9978356,0.002164428,human,Uncorrected
TTTCATGAGACTCTAC-1,0.0020373794,0.9979626,mouse,Uncorrected
TTTCATGCAGTAGTGG-1,0.0016715557,0.99832845,mouse,Uncorrected
TTTCATGTCGAAGAAT-1,0.998121,0.001878965,human,Uncorrected
TTTCCTCAGAGTGACC-1,0.9979797,0.0020203025,human,Uncorrected
TTTCCTCAGGCTCTCG-1,0.9979644,0.0020356018,human,Uncorrected
TTTCCTCCACGGTCTG-1,0.0024250941,0.9975749,mouse,Uncorrected
TTTGACTTCGACGTCG-1,0.0019730837,0.9980269,mouse,Uncorrected
TTTGATCGTCCTATAG-1,0.99799615,0.002003839,human,Uncorrected
TTTGATCTCTTACCGC-1,0.99751556,0.002484433,human,Uncorrected
TTTGGTTCAGTATACC-1,0.0020481097,0.99795187,mouse,Uncorrected
TTTGGTTTCCATACTT-1,0.99814427,0.0018557587,human,Uncorrected
TTTGTTGCAGCTTCCT-1,0.99784994,0.0021500615,human,Uncorrected
TTTGTTGCATGACGTT-1,0.0021885575,0.99781144,mouse,Uncorrected
